{
  "timestamp": "2025-09-02T07:34:49.966384",
  "source_database": "aws-1-ap-south-1.pooler.supabase.com:6543/postgres",
  "school_demo_requests": [
    {
      "id": 6,
      "school_name": "Test School API",
      "contact_person": "Test Person",
      "email": "test@example.com",
      "phone": "1234567890",
      "city": "Test City",
      "student_count": 500,
      "interested_products": [
        "ai_course"
      ],
      "additional_requirements": "Test API submission",
      "preferred_demo_time": "Morning",
      "created_at": "2025-09-01T16:34:46.066045+00:00",
      "is_contacted": false
    },
    {
      "id": 3,
      "school_name": "HTTP Test School",
      "contact_person": "Ms. Priya Patel",
      "email": "priya@httptest.edu",
      "phone": "+91 99887 76655",
      "city": "Bangalore",
      "student_count": 600,
      "interested_products": [
        "ai_course",
        "teacher_training"
      ],
      "additional_requirements": "Testing via HTTP request to debug socket issue.",
      "preferred_demo_time": "Weekdays 2-4 PM",
      "created_at": "2025-08-31T01:00:24.418557+00:00",
      "is_contacted": false
    },
    {
      "id": 2,
      "school_name": "Test Mumbai School",
      "contact_person": "Mr. Rajesh Kumar",
      "email": "rajesh@testschool.edu",
      "phone": "+91 98765 43210",
      "city": "Mumbai",
      "student_count": 800,
      "interested_products": [
        "ai_course",
        "teacher_training"
      ],
      "additional_requirements": "We need comprehensive AI training implementation.",
      "preferred_demo_time": "Weekdays 3-5 PM",
      "created_at": "2025-08-31T00:54:10.955089+00:00",
      "is_contacted": false
    },
    {
      "id": 1,
      "school_name": "Delhi Public School",
      "contact_person": "Dr. Priya Sharma",
      "email": "priya.sharma@dps.edu",
      "phone": "+91 98765 43210",
      "city": "New Delhi",
      "student_count": 1200,
      "interested_products": [
        "ai_course",
        "teacher_training",
        "financial_literacy"
      ],
      "additional_requirements": "We want to implement AI training across all grades.",
      "preferred_demo_time": "Weekdays after 3 PM",
      "created_at": "2025-08-30T09:06:53.740210+00:00",
      "is_contacted": false
    }
  ],
  "demo_requests": [
    {
      "id": 1,
      "name": "Test Contact Person",
      "email": "contact.test@example.com",
      "school": "Test Contact School",
      "message": "This is a test contact form submission",
      "created_at": "2025-09-01T16:35:00.100761+00:00"
    }
  ],
  "courses": []
}