﻿<?xml version="1.0" encoding="utf-8"?>
<deployment>
  <id>fcb73463-4366-47b8-9b7e-322ac00a8a0e</id>
  <author>N/A</author>
  <deployer>OneDeploy</deployer>
  <authorEmail>N/A</authorEmail>
  <message>OneDeploy</message>
  <progress></progress>
  <status>Success</status>
  <statusText></statusText>
  <lastSuccessEndTime>2025-09-07T17:18:31.1769879Z</lastSuccessEndTime>
  <receivedTime>2025-09-07T17:15:43.9432585Z</receivedTime>
  <startTime>2025-09-07T17:15:45.4474359Z</startTime>
  <endTime>2025-09-07T17:18:31.1769879Z</endTime>
  <complete>True</complete>
  <is_temp>False</is_temp>
  <is_readonly>True</is_readonly>
  <buildSummary />
</deployment>