﻿<?xml version="1.0" encoding="utf-8"?>
<deployment>
  <id>2ef8e87b-464d-4ab9-95b5-670441e10c8d</id>
  <author>N/A</author>
  <deployer>OneDeploy</deployer>
  <authorEmail>N/A</authorEmail>
  <message>OneDeploy</message>
  <progress></progress>
  <status>Success</status>
  <statusText></statusText>
  <lastSuccessEndTime>2025-09-07T18:26:10.674118Z</lastSuccessEndTime>
  <receivedTime>2025-09-07T18:23:31.0066054Z</receivedTime>
  <startTime>2025-09-07T18:23:32.4173992Z</startTime>
  <endTime>2025-09-07T18:26:10.674118Z</endTime>
  <complete>True</complete>
  <is_temp>False</is_temp>
  <is_readonly>True</is_readonly>
  <buildSummary />
</deployment>