﻿<?xml version="1.0" encoding="utf-8"?>
<deployment>
  <id>df60d2e1-597b-4d27-8f9b-a128ce746682</id>
  <author>N/A</author>
  <deployer>OneDeploy</deployer>
  <authorEmail>N/A</authorEmail>
  <message>OneDeploy</message>
  <progress></progress>
  <status>Success</status>
  <statusText></statusText>
  <lastSuccessEndTime>2025-09-07T18:11:55.6186421Z</lastSuccessEndTime>
  <receivedTime>2025-09-07T18:10:19.4875787Z</receivedTime>
  <startTime>2025-09-07T18:10:20.8853355Z</startTime>
  <endTime>2025-09-07T18:11:55.6186421Z</endTime>
  <complete>True</complete>
  <is_temp>False</is_temp>
  <is_readonly>True</is_readonly>
  <buildSummary />
</deployment>