﻿<?xml version="1.0" encoding="utf-8"?>
<deployment>
  <id>bcca1f98-1866-4c6b-ad15-a22183098cb9</id>
  <author>N/A</author>
  <deployer>OneDeploy</deployer>
  <authorEmail>N/A</authorEmail>
  <message>OneDeploy</message>
  <progress></progress>
  <status>Success</status>
  <statusText></statusText>
  <lastSuccessEndTime>2025-09-07T18:36:48.9335424Z</lastSuccessEndTime>
  <receivedTime>2025-09-07T18:34:44.8584454Z</receivedTime>
  <startTime>2025-09-07T18:34:46.2649551Z</startTime>
  <endTime>2025-09-07T18:36:48.9335424Z</endTime>
  <complete>True</complete>
  <is_temp>False</is_temp>
  <is_readonly>True</is_readonly>
  <buildSummary />
</deployment>