﻿<?xml version="1.0" encoding="utf-8"?>
<deployment>
  <id>a4bc34a7-4498-47b1-93d1-51a76c31abf7</id>
  <author>N/A</author>
  <deployer>OneDeploy</deployer>
  <authorEmail>N/A</authorEmail>
  <message>OneDeploy</message>
  <progress></progress>
  <status>Success</status>
  <statusText></statusText>
  <lastSuccessEndTime>2025-09-07T17:55:58.1870888Z</lastSuccessEndTime>
  <receivedTime>2025-09-07T17:53:53.4942537Z</receivedTime>
  <startTime>2025-09-07T17:53:55.776434Z</startTime>
  <endTime>2025-09-07T17:55:58.1870888Z</endTime>
  <complete>True</complete>
  <is_temp>False</is_temp>
  <is_readonly>True</is_readonly>
  <buildSummary />
</deployment>