﻿<?xml version="1.0" encoding="utf-8"?>
<deployment>
  <id>5ef6d0fa-a340-4369-98ba-778ed3f12ca0</id>
  <author>N/A</author>
  <deployer>OneDeploy</deployer>
  <authorEmail>N/A</authorEmail>
  <message>OneDeploy</message>
  <progress></progress>
  <status>Success</status>
  <statusText></statusText>
  <lastSuccessEndTime>2025-09-07T18:54:14.7606213Z</lastSuccessEndTime>
  <receivedTime>2025-09-07T18:52:06.0855682Z</receivedTime>
  <startTime>2025-09-07T18:52:07.4815982Z</startTime>
  <endTime>2025-09-07T18:54:14.7606213Z</endTime>
  <complete>True</complete>
  <is_temp>False</is_temp>
  <is_readonly>True</is_readonly>
  <buildSummary />
</deployment>