<step title="Incoming Request" date="2025-09-02T16:01:35.578" instance="378edf" url="/api/deployments/latest?deployer=OneDeploy&amp;time=2025-09-02_16-00-52Z" method="GET" type="request" pid="772,1,70" Host="decipherworld-app.scm.azurewebsites.net" User-Agent="GITHUBACTIONS_DeployWebAppToAzure_e3e0cc90f51bd273b88d59801700c10a24014198b431abe6f1e4c8246061ffdf" Authorization="Bas..." Content-Type="application/json; charset=utf-8" Cookie="ARRAffinity=378edfce271436517950788fe4512f9ff5f554211c9bdccd63796f2a24a09e02;Path=/;HttpOnly;Secure;Domain=decipherworld-app.scm.azurewebsites.net; ARRAffinitySameSite=378edfce271436517950788fe4512f9ff5f554211c9bdccd63796f2a24a09e02;Path=/;HttpOnly;SameSite=None;Secure;Domain=decipherworld-app.scm.azurewebsites.net" Content-Length="0" X-ARR-LOG-ID="c4aec39c-a9b6-42a2-b100-a40ad05ffa45" CLIENT-IP="172.208.127.250:13376" X-SITE-DEPLOYMENT-ID="decipherworld-app" WAS-DEFAULT-HOSTNAME="decipherworld-app.scm.azurewebsites.net" X-Forwarded-Proto="https" X-AppService-Proto="https" X-Forwarded-TlsVersion="1.3" X-WAWS-Unencoded-URL="/api/deployments/latest?deployer=OneDeploy&amp;time=2025-09-02_16-00-52Z" X-Client-IP="172.208.127.250" X-Client-Port="13376" >
  <step title="Cleanup Xml Logs" date="2025-09-02T16:01:35.588" >
    <step title="Cleanup Infos" date="2025-09-02T16:01:35.648" totalFiles="363" totalCleanup="203" /><!-- duration: 20ms -->
  </step><!-- duration: 121ms -->
  <step title="DeploymentService.GetResult" date="2025-09-02T16:01:35.748" >
    <step title="DeploymentService.GetLatestDeployment" date="2025-09-02T16:01:35.766" >
      <step title="DeploymentManager.GetResults" date="2025-09-02T16:01:35.777" /><!-- duration: 447ms -->
    </step><!-- duration: 498ms -->
  </step><!-- duration: 554ms -->
  <step title="Outgoing response" date="2025-09-02T16:01:36.323" type="response" statusCode="202" statusText="Accepted" /><!-- duration: 4ms -->
</step><!-- duration: 752ms -->
