<step title="Incoming Request" date="2025-09-02T14:32:10.219" instance="378edf" url="/api/deployments/latest?deployer=OneDeploy&amp;time=2025-09-02_14-09-29Z" method="GET" type="request" pid="772,1,5" Host="decipherworld-app.scm.azurewebsites.net" User-Agent="GITHUBACTIONS_DeployWebAppToAzure_e3e0cc90f51bd273b88d59801700c10a24014198b431abe6f1e4c8246061ffdf" Authorization="Bas..." Content-Type="application/json; charset=utf-8" Cookie="ARRAffinity=378edfce271436517950788fe4512f9ff5f554211c9bdccd63796f2a24a09e02;Path=/;HttpOnly;Secure;Domain=decipherworld-app.scm.azurewebsites.net; ARRAffinitySameSite=378edfce271436517950788fe4512f9ff5f554211c9bdccd63796f2a24a09e02;Path=/;HttpOnly;SameSite=None;Secure;Domain=decipherworld-app.scm.azurewebsites.net" Content-Length="0" X-ARR-LOG-ID="85962070-2f3e-4a37-8dd5-d5f33f4fe661" CLIENT-IP="4.227.173.121:4160" X-SITE-DEPLOYMENT-ID="decipherworld-app" WAS-DEFAULT-HOSTNAME="decipherworld-app.scm.azurewebsites.net" X-Forwarded-Proto="https" X-AppService-Proto="https" X-Forwarded-TlsVersion="1.3" X-WAWS-Unencoded-URL="/api/deployments/latest?deployer=OneDeploy&amp;time=2025-09-02_14-09-29Z" X-Client-IP="4.227.173.121" X-Client-Port="4160" >
  <step title="Cleanup Xml Logs" date="2025-09-02T14:32:10.230" >
    <step title="Cleanup Infos" date="2025-09-02T14:32:10.310" totalFiles="229" totalCleanup="69" /><!-- duration: 39ms -->
  </step><!-- duration: 137ms -->
  <step title="DeploymentService.GetResult" date="2025-09-02T14:32:10.427" >
    <step title="DeploymentService.GetLatestDeployment" date="2025-09-02T14:32:10.439" >
      <step title="DeploymentManager.GetResults" date="2025-09-02T14:32:10.449" /><!-- duration: 392ms -->
    </step><!-- duration: 407ms -->
  </step><!-- duration: 422ms -->
  <step title="Outgoing response" date="2025-09-02T14:32:10.855" type="response" statusCode="202" statusText="Accepted" /><!-- duration: 4ms -->
</step><!-- duration: 644ms -->
