<step title="Incoming Request" date="2025-09-03T00:02:11.892" instance="378edf" url="/api/deployments/latest?deployer=OneDeploy&amp;time=2025-09-03_00-01-12Z" method="GET" type="request" pid="772,1,51" Host="decipherworld-app.scm.azurewebsites.net" User-Agent="GITHUBACTIONS_DeployWebAppToAzure_e3e0cc90f51bd273b88d59801700c10a24014198b431abe6f1e4c8246061ffdf" Authorization="Bas..." Content-Type="application/json; charset=utf-8" Cookie="ARRAffinity=378edfce271436517950788fe4512f9ff5f554211c9bdccd63796f2a24a09e02;Path=/;HttpOnly;Secure;Domain=decipherworld-app.scm.azurewebsites.net; ARRAffinitySameSite=378edfce271436517950788fe4512f9ff5f554211c9bdccd63796f2a24a09e02;Path=/;HttpOnly;SameSite=None;Secure;Domain=decipherworld-app.scm.azurewebsites.net" Content-Length="0" X-ARR-LOG-ID="28d25b53-baa4-4a46-bce4-667476bc90c7" CLIENT-IP="172.182.195.224:46080" X-SITE-DEPLOYMENT-ID="decipherworld-app" WAS-DEFAULT-HOSTNAME="decipherworld-app.scm.azurewebsites.net" X-Forwarded-Proto="https" X-AppService-Proto="https" X-Forwarded-TlsVersion="1.3" X-WAWS-Unencoded-URL="/api/deployments/latest?deployer=OneDeploy&amp;time=2025-09-03_00-01-12Z" X-Client-IP="172.182.195.224" X-Client-Port="46080" >
  <step title="Cleanup Xml Logs" date="2025-09-03T00:02:11.932" >
    <step title="Cleanup Infos" date="2025-09-03T00:02:12.081" totalFiles="388" totalCleanup="228" /><!-- duration: 91ms -->
  </step><!-- duration: 301ms -->
  <step title="DeploymentService.GetResult" date="2025-09-03T00:02:12.364" >
    <step title="DeploymentService.GetLatestDeployment" date="2025-09-03T00:02:12.383" >
      <step title="DeploymentManager.GetResults" date="2025-09-03T00:02:12.394" /><!-- duration: 883ms -->
    </step><!-- duration: 925ms -->
  </step><!-- duration: 965ms -->
  <step title="Outgoing response" date="2025-09-03T00:02:13.389" type="response" statusCode="202" statusText="Accepted" /><!-- duration: 12ms -->
</step><!-- duration: 1576ms -->
