<step title="Incoming Request" date="2025-09-02T14:52:40.072" instance="378edf" url="/api/publish?async=true&amp;deployer=GITHUB_ONE_DEPLOY&amp;type=zip&amp;message=%7B%22type%22%3A%22deployment%22%2C%22sha%22%3A%228e0626419a9ca9b89bdfcb2a1f939b3c761f2f6f%22%2C%22repoName%22%3A%22jatinbhagat%2Fdecipherworld%22%2C%22actor%22%3A%22jatinbhagat%22%2C%22slotName%22%3A%22Production%22%2C%22commitMessage%22%3A%22Fix%20Django%20app%20startup%3A%20Add%20back%20migrations%20and%20collectstatic%5Cn%5CnDjango%20needs%20database%20migrations%20to%20run%20properly%5CnAdded%20back%20collectstatic%20for%20CSS%2Fadmin%20interface%5Cn%5Cn%F0%9F%A4%96%20Generated%20with%20%5BClaude%20Code%5D(https%3A%2F%2Fclaude.ai%2Fcode)%5Cn%5CnCo-Authored-By%3A%20Claude%20%3Cnoreply%40anthropic.com%3E%22%7D" method="POST" type="request" pid="772,1,18" Host="decipherworld-app.scm.azurewebsites.net" User-Agent="GITHUBACTIONS_DeployWebAppToAzure_e3e0cc90f51bd273b88d59801700c10a24014198b431abe6f1e4c8246061ffdf" Authorization="Bas..." Content-Type="application/octet-stream" Cookie="ARRAffinity=378edfce271436517950788fe4512f9ff5f554211c9bdccd63796f2a24a09e02;Path=/;HttpOnly;Secure;Domain=decipherworld-app.scm.azurewebsites.net; ARRAffinitySameSite=378edfce271436517950788fe4512f9ff5f554211c9bdccd63796f2a24a09e02;Path=/;HttpOnly;SameSite=None;Secure;Domain=decipherworld-app.scm.azurewebsites.net" Transfer-Encoding="chunked" X-ARR-LOG-ID="9a1e4230-b397-4f80-82af-61c7ab0b3f6b" CLIENT-IP="172.184.191.165:14336" X-SITE-DEPLOYMENT-ID="decipherworld-app" WAS-DEFAULT-HOSTNAME="decipherworld-app.scm.azurewebsites.net" X-Forwarded-Proto="https" X-AppService-Proto="https" X-Forwarded-TlsVersion="1.3" X-WAWS-Unencoded-URL="/api/publish?async=true&amp;deployer=GITHUB_ONE_DEPLOY&amp;type=zip&amp;message=%7B%22type%22%3A%22deployment%22%2C%22sha%22%3A%228e0626419a9ca9b89bdfcb2a1f939b3c761f2f6f%22%2C%22repoName%22%3A%22jatinbhagat%2Fdecipherworld%22%2C%22actor%22%3A%22jatinbhagat%22%2C%22slotName%22%3A%22Production%22%2C%22commitMessage%22%3A%22Fix%20Django%20app%20startup%3A%20Add%20back%20migrations%20and%20collectstatic%5Cn%5CnDjango%20needs%20database%20migrations%20to%20run%20properly%5CnAdded%20back%20collectstatic%20for%20CSS%2Fadmin%20interface%5Cn%5Cn%F0%9F%A4%96%20Generated%20with%20%5BClaude%20Code%5D(https%3A%2F%2Fclaude.ai%2Fcode)%5Cn%5CnCo-Authored-By%3A%20Claude%20%3Cnoreply%40anthropic.com%3E%22%7D" X-Client-IP="172.184.191.165" X-Client-Port="14336" >
  <step title="OneDeploy" date="2025-09-02T14:52:40.088" >
    <step title="Starting PushDeployAsync" date="2025-09-02T14:52:40.097" /><!-- duration: 5ms -->
    <step title="Writing artifact to /tmp/zipdeploy/211fa557-dd3a-4755-9112-86a58027fb16.zip" date="2025-09-02T14:52:40.113" >
      <step title="Writing multipart request body to /tmp/zipdeploy/211fa557-dd3a-4755-9112-86a58027fb16.zip" date="2025-09-02T14:52:40.118" /><!-- duration: 8ms -->
    </step><!-- duration: 1056ms -->
    <step title="Removing previous build artifact&apos;s manifest file" date="2025-09-02T14:52:41.200" >
      <step title="Start deployment in the background" date="2025-09-02T14:52:41.231" >
        <step title="Acquiring Deployment Lock" date="2025-09-02T14:52:41.268" /><!-- duration: 4ms -->
        <step title="Acquired Deployment Lock" date="2025-09-02T14:52:41.306" /><!-- duration: 4ms -->
      </step><!-- duration: 147ms -->
    </step><!-- duration: 184ms -->
    <step title="Outgoing response" date="2025-09-02T14:52:41.389" type="response" statusCode="202" statusText="Accepted" /><!-- duration: 3ms -->
  </step><!-- duration: 1308ms -->
