<step title="Incoming Request" date="2025-09-02T16:00:52.796" instance="378edf" url="/api/deployments/latest?deployer=OneDeploy&amp;time=2025-09-02_16-00-52Z" method="GET" type="request" pid="772,1,69" Host="decipherworld-app.scm.azurewebsites.net" User-Agent="GITHUBACTIONS_DeployWebAppToAzure_e3e0cc90f51bd273b88d59801700c10a24014198b431abe6f1e4c8246061ffdf" Authorization="Bas..." Content-Type="application/json; charset=utf-8" Cookie="ARRAffinity=378edfce271436517950788fe4512f9ff5f554211c9bdccd63796f2a24a09e02;Path=/;HttpOnly;Secure;Domain=decipherworld-app.scm.azurewebsites.net; ARRAffinitySameSite=378edfce271436517950788fe4512f9ff5f554211c9bdccd63796f2a24a09e02;Path=/;HttpOnly;SameSite=None;Secure;Domain=decipherworld-app.scm.azurewebsites.net" Content-Length="0" X-ARR-LOG-ID="2539d901-8c27-453f-8ff9-f79068e5e698" CLIENT-IP="172.208.127.250:13376" X-SITE-DEPLOYMENT-ID="decipherworld-app" WAS-DEFAULT-HOSTNAME="decipherworld-app.scm.azurewebsites.net" X-Forwarded-Proto="https" X-AppService-Proto="https" X-Forwarded-TlsVersion="1.3" X-WAWS-Unencoded-URL="/api/deployments/latest?deployer=OneDeploy&amp;time=2025-09-02_16-00-52Z" X-Client-IP="172.208.127.250" X-Client-Port="13376" >
  <step title="Cleanup Xml Logs" date="2025-09-02T16:00:52.801" >
    <step title="Cleanup Infos" date="2025-09-02T16:00:52.818" totalFiles="357" totalCleanup="197" /><!-- duration: 6ms -->
  </step><!-- duration: 26ms -->
  <step title="DeploymentService.GetResult" date="2025-09-02T16:00:52.837" >
    <step title="DeploymentService.GetLatestDeployment" date="2025-09-02T16:00:52.841" >
      <step title="DeploymentManager.GetResults" date="2025-09-02T16:00:52.845" /><!-- duration: 332ms -->
    </step><!-- duration: 341ms -->
  </step><!-- duration: 349ms -->
  <step title="Outgoing response" date="2025-09-02T16:00:53.191" type="response" statusCode="202" statusText="Accepted" /><!-- duration: 4ms -->
</step><!-- duration: 402ms -->
