<step title="Incoming Request" date="2025-09-03T00:01:10.930" instance="378edf" url="/api/publish?async=true&amp;deployer=GITHUB_ONE_DEPLOY&amp;type=zip&amp;message=%7B%22type%22%3A%22deployment%22%2C%22sha%22%3A%226807b64e54f450cc904c47193e25d5ef2b74bdde%22%2C%22repoName%22%3A%22jatinbhagat%2Fdecipherworld%22%2C%22actor%22%3A%22jatinbhagat%22%2C%22slotName%22%3A%22Production%22%2C%22commitMessage%22%3A%22Cleaned%20up%20code%22%7D" method="POST" type="request" pid="772,1,50" Host="decipherworld-app.scm.azurewebsites.net" User-Agent="GITHUBACTIONS_DeployWebAppToAzure_e3e0cc90f51bd273b88d59801700c10a24014198b431abe6f1e4c8246061ffdf" Authorization="Bas..." Content-Type="application/octet-stream" Cookie="ARRAffinity=378edfce271436517950788fe4512f9ff5f554211c9bdccd63796f2a24a09e02;Path=/;HttpOnly;Secure;Domain=decipherworld-app.scm.azurewebsites.net; ARRAffinitySameSite=378edfce271436517950788fe4512f9ff5f554211c9bdccd63796f2a24a09e02;Path=/;HttpOnly;SameSite=None;Secure;Domain=decipherworld-app.scm.azurewebsites.net" Transfer-Encoding="chunked" X-ARR-LOG-ID="b5143e34-71b4-436b-bb01-fb9a0431d84e" CLIENT-IP="172.182.195.224:46080" X-SITE-DEPLOYMENT-ID="decipherworld-app" WAS-DEFAULT-HOSTNAME="decipherworld-app.scm.azurewebsites.net" X-Forwarded-Proto="https" X-AppService-Proto="https" X-Forwarded-TlsVersion="1.3" X-WAWS-Unencoded-URL="/api/publish?async=true&amp;deployer=GITHUB_ONE_DEPLOY&amp;type=zip&amp;message=%7B%22type%22%3A%22deployment%22%2C%22sha%22%3A%226807b64e54f450cc904c47193e25d5ef2b74bdde%22%2C%22repoName%22%3A%22jatinbhagat%2Fdecipherworld%22%2C%22actor%22%3A%22jatinbhagat%22%2C%22slotName%22%3A%22Production%22%2C%22commitMessage%22%3A%22Cleaned%20up%20code%22%7D" X-Client-IP="172.182.195.224" X-Client-Port="46080" >
  <step title="OneDeploy" date="2025-09-03T00:01:10.968" >
    <step title="Starting PushDeployAsync" date="2025-09-03T00:01:10.985" /><!-- duration: 5ms -->
    <step title="Writing artifact to /tmp/zipdeploy/9ffdd8fa-749c-4ecf-b898-a1114ee545bc.zip" date="2025-09-03T00:01:11.045" >
      <step title="Writing multipart request body to /tmp/zipdeploy/9ffdd8fa-749c-4ecf-b898-a1114ee545bc.zip" date="2025-09-03T00:01:11.064" /><!-- duration: 11ms -->
    </step><!-- duration: 1059ms -->
    <step title="Removing previous build artifact&apos;s manifest file" date="2025-09-03T00:01:12.118" >
      <step title="Start deployment in the background" date="2025-09-03T00:01:12.135" >
        <step title="Acquiring Deployment Lock" date="2025-09-03T00:01:12.169" /><!-- duration: 3ms -->
        <step title="Acquired Deployment Lock" date="2025-09-03T00:01:12.218" /><!-- duration: 13ms -->
      </step><!-- duration: 192ms -->
    </step><!-- duration: 225ms -->
    <step title="Outgoing response" date="2025-09-03T00:01:12.349" type="response" statusCode="202" statusText="Accepted" /><!-- duration: 4ms -->
  </step><!-- duration: 1389ms -->
