<step title="Incoming Request" date="2025-09-03T00:57:04.747" instance="378edf" url="/api/deployments/latest?deployer=OneDeploy&amp;time=2025-09-03_00-55-34Z" method="GET" type="request" pid="772,1,34" Host="decipherworld-app.scm.azurewebsites.net" User-Agent="GITHUBACTIONS_DeployWebAppToAzure_e3e0cc90f51bd273b88d59801700c10a24014198b431abe6f1e4c8246061ffdf" Authorization="Bas..." Content-Type="application/json; charset=utf-8" Cookie="ARRAffinity=378edfce271436517950788fe4512f9ff5f554211c9bdccd63796f2a24a09e02;Path=/;HttpOnly;Secure;Domain=decipherworld-app.scm.azurewebsites.net; ARRAffinitySameSite=378edfce271436517950788fe4512f9ff5f554211c9bdccd63796f2a24a09e02;Path=/;HttpOnly;SameSite=None;Secure;Domain=decipherworld-app.scm.azurewebsites.net" Content-Length="0" X-ARR-LOG-ID="a5dcc0ae-e5c5-4389-839d-ed1469ab3e29" CLIENT-IP="64.236.160.196:35872" X-SITE-DEPLOYMENT-ID="decipherworld-app" WAS-DEFAULT-HOSTNAME="decipherworld-app.scm.azurewebsites.net" X-Forwarded-Proto="https" X-AppService-Proto="https" X-Forwarded-TlsVersion="1.3" X-WAWS-Unencoded-URL="/api/deployments/latest?deployer=OneDeploy&amp;time=2025-09-03_00-55-34Z" X-Client-IP="64.236.160.196" X-Client-Port="35872" >
  <step title="Cleanup Xml Logs" date="2025-09-03T00:57:04.751" >
    <step title="Cleanup Infos" date="2025-09-03T00:57:04.819" totalFiles="445" totalCleanup="285" /><!-- duration: 21ms -->
  </step><!-- duration: 100ms -->
  <step title="DeploymentService.GetResult" date="2025-09-03T00:57:04.901" >
    <step title="DeploymentService.GetLatestDeployment" date="2025-09-03T00:57:04.911" >
      <step title="DeploymentManager.GetResults" date="2025-09-03T00:57:04.922" /><!-- duration: 1023ms -->
    </step><!-- duration: 1053ms -->
  </step><!-- duration: 1085ms -->
  <step title="Outgoing response" date="2025-09-03T00:57:05.997" type="response" statusCode="202" statusText="Accepted" /><!-- duration: 38ms -->
</step><!-- duration: 1308ms -->
