<step title="Incoming Request" date="2025-09-03T00:01:20.622" instance="378edf" url="/api/deployments/latest?deployer=OneDeploy&amp;time=2025-09-03_00-01-12Z" method="GET" type="request" pid="772,1,55" Host="decipherworld-app.scm.azurewebsites.net" User-Agent="GITHUBACTIONS_DeployWebAppToAzure_e3e0cc90f51bd273b88d59801700c10a24014198b431abe6f1e4c8246061ffdf" Authorization="Bas..." Content-Type="application/json; charset=utf-8" Cookie="ARRAffinity=378edfce271436517950788fe4512f9ff5f554211c9bdccd63796f2a24a09e02;Path=/;HttpOnly;Secure;Domain=decipherworld-app.scm.azurewebsites.net; ARRAffinitySameSite=378edfce271436517950788fe4512f9ff5f554211c9bdccd63796f2a24a09e02;Path=/;HttpOnly;SameSite=None;Secure;Domain=decipherworld-app.scm.azurewebsites.net" Content-Length="0" X-ARR-LOG-ID="ca408d43-9213-4df3-aec5-5d00b0c6e93d" CLIENT-IP="172.182.195.224:46081" X-SITE-DEPLOYMENT-ID="decipherworld-app" WAS-DEFAULT-HOSTNAME="decipherworld-app.scm.azurewebsites.net" X-Forwarded-Proto="https" X-AppService-Proto="https" X-Forwarded-TlsVersion="1.3" X-WAWS-Unencoded-URL="/api/deployments/latest?deployer=OneDeploy&amp;time=2025-09-03_00-01-12Z" X-Client-IP="172.182.195.224" X-Client-Port="46081" >
  <step title="Cleanup Xml Logs" date="2025-09-03T00:01:20.626" >
    <step title="Cleanup Infos" date="2025-09-03T00:01:20.644" totalFiles="381" totalCleanup="221" /><!-- duration: 6ms -->
  </step><!-- duration: 28ms -->
  <step title="DeploymentService.GetResult" date="2025-09-03T00:01:20.663" >
    <step title="DeploymentService.GetLatestDeployment" date="2025-09-03T00:01:20.667" >
      <step title="DeploymentManager.GetResults" date="2025-09-03T00:01:20.673" /><!-- duration: 1264ms -->
    </step><!-- duration: 1323ms -->
  </step><!-- duration: 1345ms -->
  <step title="Outgoing response" date="2025-09-03T00:01:22.021" type="response" statusCode="202" statusText="Accepted" /><!-- duration: 18ms -->
</step><!-- duration: 1428ms -->
