<step title="Incoming Request" date="2025-09-02T14:33:32.127" instance="378edf" url="/api/deployments/latest?deployer=OneDeploy&amp;time=2025-09-02_14-09-29Z" method="GET" type="request" pid="772,1,18" Host="decipherworld-app.scm.azurewebsites.net" User-Agent="GITHUBACTIONS_DeployWebAppToAzure_e3e0cc90f51bd273b88d59801700c10a24014198b431abe6f1e4c8246061ffdf" Authorization="Bas..." Content-Type="application/json; charset=utf-8" Cookie="ARRAffinity=378edfce271436517950788fe4512f9ff5f554211c9bdccd63796f2a24a09e02;Path=/;HttpOnly;Secure;Domain=decipherworld-app.scm.azurewebsites.net; ARRAffinitySameSite=378edfce271436517950788fe4512f9ff5f554211c9bdccd63796f2a24a09e02;Path=/;HttpOnly;SameSite=None;Secure;Domain=decipherworld-app.scm.azurewebsites.net" Content-Length="0" X-ARR-LOG-ID="eb95260e-55bf-4781-84cb-e554e1d33574" CLIENT-IP="4.227.173.121:4162" X-SITE-DEPLOYMENT-ID="decipherworld-app" WAS-DEFAULT-HOSTNAME="decipherworld-app.scm.azurewebsites.net" X-Forwarded-Proto="https" X-AppService-Proto="https" X-Forwarded-TlsVersion="1.3" X-WAWS-Unencoded-URL="/api/deployments/latest?deployer=OneDeploy&amp;time=2025-09-02_14-09-29Z" X-Client-IP="4.227.173.121" X-Client-Port="4162" >
  <step title="Cleanup Xml Logs" date="2025-09-02T14:33:32.136" >
    <step title="Cleanup Infos" date="2025-09-02T14:33:32.179" totalFiles="242" totalCleanup="82" /><!-- duration: 28ms -->
  </step><!-- duration: 93ms -->
  <step title="DeploymentService.GetResult" date="2025-09-02T14:33:32.267" >
    <step title="DeploymentService.GetLatestDeployment" date="2025-09-02T14:33:32.277" >
      <step title="DeploymentManager.GetResults" date="2025-09-02T14:33:32.287" /><!-- duration: 346ms -->
    </step><!-- duration: 360ms -->
  </step><!-- duration: 374ms -->
  <step title="Outgoing response" date="2025-09-02T14:33:32.644" type="response" statusCode="202" statusText="Accepted" /><!-- duration: 5ms -->
</step><!-- duration: 526ms -->
