<step title="Incoming Request" date="2025-09-03T01:00:19.326" instance="378edf" url="/api/deployments/latest?deployer=OneDeploy&amp;time=2025-09-03_00-58-23Z" method="GET" type="request" pid="772,1,38" Host="decipherworld-app.scm.azurewebsites.net" User-Agent="GITHUBACTIONS_DeployWebAppToAzure_e3e0cc90f51bd273b88d59801700c10a24014198b431abe6f1e4c8246061ffdf" Authorization="Bas..." Content-Type="application/json; charset=utf-8" Cookie="ARRAffinity=378edfce271436517950788fe4512f9ff5f554211c9bdccd63796f2a24a09e02;Path=/;HttpOnly;Secure;Domain=decipherworld-app.scm.azurewebsites.net; ARRAffinitySameSite=378edfce271436517950788fe4512f9ff5f554211c9bdccd63796f2a24a09e02;Path=/;HttpOnly;SameSite=None;Secure;Domain=decipherworld-app.scm.azurewebsites.net" Content-Length="0" X-ARR-LOG-ID="6829d491-a0a9-493c-a101-6b8a2c948838" CLIENT-IP="64.236.176.146:48130" X-SITE-DEPLOYMENT-ID="decipherworld-app" WAS-DEFAULT-HOSTNAME="decipherworld-app.scm.azurewebsites.net" X-Forwarded-Proto="https" X-AppService-Proto="https" X-Forwarded-TlsVersion="1.3" X-WAWS-Unencoded-URL="/api/deployments/latest?deployer=OneDeploy&amp;time=2025-09-03_00-58-23Z" X-Client-IP="64.236.176.146" X-Client-Port="48130" >
  <step title="Cleanup Xml Logs" date="2025-09-03T01:00:19.335" >
    <step title="Cleanup Infos" date="2025-09-03T01:00:19.369" totalFiles="472" totalCleanup="312" /><!-- duration: 18ms -->
  </step><!-- duration: 61ms -->
  <step title="DeploymentService.GetResult" date="2025-09-03T01:00:19.426" >
    <step title="DeploymentService.GetLatestDeployment" date="2025-09-03T01:00:19.436" >
      <step title="DeploymentManager.GetResults" date="2025-09-03T01:00:19.446" /><!-- duration: 927ms -->
    </step><!-- duration: 967ms -->
  </step><!-- duration: 997ms -->
  <step title="Outgoing response" date="2025-09-03T01:00:20.442" type="response" statusCode="202" statusText="Accepted" /><!-- duration: 11ms -->
</step><!-- duration: 1158ms -->
