<step title="Incoming Request" date="2025-09-02T13:25:10.396" instance="378edf" url="/api/zipdeploy?isAsync=true" method="POST" type="request" pid="769,1,5" Accept="*/*" Host="decipherworld-app.scm.azurewebsites.net" User-Agent="AZURECLI/2.77.0 (HOMEBREW)" Accept-Encoding="gzip, deflate" Authorization="Bea..." Cache-Control="no-cache" Content-Type="application/octet-stream" Content-Length="848104" x-ms-client-request-id="dd6f3d06-87ff-11f0-a84b-3afb4d2e539d" x-ms-artifact-checksum="43bd60207a28304be9e8bac2a6358d53168e2fdec198bf0e5b02af7d6804d5a7" X-ARR-LOG-ID="dd6f3d06-87ff-11f0-a84b-3afb4d2e539d" CLIENT-IP="223.190.81.172:18047" X-SITE-DEPLOYMENT-ID="decipherworld-app" WAS-DEFAULT-HOSTNAME="decipherworld-app.scm.azurewebsites.net" X-Forwarded-Proto="https" X-AppService-Proto="https" X-Forwarded-TlsVersion="1.3" X-WAWS-Unencoded-URL="/api/zipdeploy?isAsync=true" X-Client-IP="223.190.81.172" X-Client-Port="18047" >
  <step title="ZipPushDeploy" date="2025-09-02T13:25:11.181" >
    <step title="ZipDeploy. Extract zip." date="2025-09-02T13:25:11.200" /><!-- duration: 4ms -->
    <step title="None repository commit" date="2025-09-02T13:25:11.211" >
      <step title="Commit id: 2c2c440e-2beb-4fb3-b64d-333b34f3bd22" date="2025-09-02T13:25:11.214" Message="N/A" AuthorName="N/A" AuthorEmail="N/A" /><!-- duration: 3ms -->
    </step><!-- duration: 10ms -->
    <step title="Starting PushDeployAsync" date="2025-09-02T13:25:11.225" /><!-- duration: 3ms -->
    <step title="Writing artifact to /tmp/zipdeploy/668dc8f4-3dae-45c1-a822-36016a5afd2e.zip" date="2025-09-02T13:25:11.238" >
      <step title="Writing multipart request body to /tmp/zipdeploy/668dc8f4-3dae-45c1-a822-36016a5afd2e.zip" date="2025-09-02T13:25:11.246" /><!-- duration: 4ms -->
    </step><!-- duration: 139ms -->
    <step title="Start deployment in the background" date="2025-09-02T13:25:11.391" >
      <step title="Acquiring Deployment Lock" date="2025-09-02T13:25:11.427" /><!-- duration: 4ms -->
      <step title="Acquired Deployment Lock" date="2025-09-02T13:25:11.480" /><!-- duration: 3ms -->
    </step><!-- duration: 176ms -->
  </step><!-- duration: 393ms -->
  <step title="Outgoing response" date="2025-09-02T13:25:11.600" type="response" statusCode="202" statusText="Accepted" /><!-- duration: 4ms -->
</step><!-- duration: 1211ms -->
