<step title="Incoming Request" date="2025-09-02T14:49:39.444" instance="378edf" url="/api/deployments/latest?deployer=OneDeploy&amp;time=2025-09-02_14-49-25Z" method="GET" type="request" pid="772,1,18" Host="decipherworld-app.scm.azurewebsites.net" User-Agent="GITHUBACTIONS_DeployWebAppToAzure_e3e0cc90f51bd273b88d59801700c10a24014198b431abe6f1e4c8246061ffdf" Authorization="Bas..." Content-Type="application/json; charset=utf-8" Cookie="ARRAffinity=378edfce271436517950788fe4512f9ff5f554211c9bdccd63796f2a24a09e02;Path=/;HttpOnly;Secure;Domain=decipherworld-app.scm.azurewebsites.net; ARRAffinitySameSite=378edfce271436517950788fe4512f9ff5f554211c9bdccd63796f2a24a09e02;Path=/;HttpOnly;SameSite=None;Secure;Domain=decipherworld-app.scm.azurewebsites.net" Content-Length="0" X-ARR-LOG-ID="472a6365-33cb-4ce1-ad29-bf8430a8f9ac" CLIENT-IP="172.182.225.193:8192" X-SITE-DEPLOYMENT-ID="decipherworld-app" WAS-DEFAULT-HOSTNAME="decipherworld-app.scm.azurewebsites.net" X-Forwarded-Proto="https" X-AppService-Proto="https" X-Forwarded-TlsVersion="1.3" X-WAWS-Unencoded-URL="/api/deployments/latest?deployer=OneDeploy&amp;time=2025-09-02_14-49-25Z" X-Client-IP="172.182.225.193" X-Client-Port="8192" >
  <step title="Cleanup Xml Logs" date="2025-09-02T14:49:39.494" >
    <step title="Cleanup Infos" date="2025-09-02T14:49:39.683" totalFiles="313" totalCleanup="153" /><!-- duration: 88ms -->
  </step><!-- duration: 299ms -->
  <step title="DeploymentService.GetResult" date="2025-09-02T14:49:39.853" >
    <step title="DeploymentService.GetLatestDeployment" date="2025-09-02T14:49:39.865" >
      <step title="DeploymentManager.GetResults" date="2025-09-02T14:49:39.894" /><!-- duration: 974ms -->
    </step><!-- duration: 1055ms -->
  </step><!-- duration: 1087ms -->
  <step title="Outgoing response" date="2025-09-02T14:49:41.018" type="response" statusCode="202" statusText="Accepted" /><!-- duration: 52ms -->
</step><!-- duration: 1657ms -->
