<step title="Incoming Request" date="2025-09-02T14:53:02.496" instance="378edf" url="/api/deployments/latest?deployer=OneDeploy&amp;time=2025-09-02_14-52-41Z" method="GET" type="request" pid="772,1,18" Host="decipherworld-app.scm.azurewebsites.net" User-Agent="GITHUBACTIONS_DeployWebAppToAzure_e3e0cc90f51bd273b88d59801700c10a24014198b431abe6f1e4c8246061ffdf" Authorization="Bas..." Content-Type="application/json; charset=utf-8" Cookie="ARRAffinity=378edfce271436517950788fe4512f9ff5f554211c9bdccd63796f2a24a09e02;Path=/;HttpOnly;Secure;Domain=decipherworld-app.scm.azurewebsites.net; ARRAffinitySameSite=378edfce271436517950788fe4512f9ff5f554211c9bdccd63796f2a24a09e02;Path=/;HttpOnly;SameSite=None;Secure;Domain=decipherworld-app.scm.azurewebsites.net" Content-Length="0" X-ARR-LOG-ID="a102639c-b5f6-464d-b088-b41910a58664" CLIENT-IP="172.184.191.165:14337" X-SITE-DEPLOYMENT-ID="decipherworld-app" WAS-DEFAULT-HOSTNAME="decipherworld-app.scm.azurewebsites.net" X-Forwarded-Proto="https" X-AppService-Proto="https" X-Forwarded-TlsVersion="1.3" X-WAWS-Unencoded-URL="/api/deployments/latest?deployer=OneDeploy&amp;time=2025-09-02_14-52-41Z" X-Client-IP="172.184.191.165" X-Client-Port="14337" >
  <step title="Cleanup Xml Logs" date="2025-09-02T14:53:02.506" >
    <step title="Cleanup Infos" date="2025-09-02T14:53:02.544" totalFiles="340" totalCleanup="180" /><!-- duration: 22ms -->
  </step><!-- duration: 80ms -->
  <step title="DeploymentService.GetResult" date="2025-09-02T14:53:02.614" >
    <step title="DeploymentService.GetLatestDeployment" date="2025-09-02T14:53:02.627" >
      <step title="DeploymentManager.GetResults" date="2025-09-02T14:53:02.646" /><!-- duration: 493ms -->
    </step><!-- duration: 530ms -->
  </step><!-- duration: 555ms -->
  <step title="Outgoing response" date="2025-09-02T14:53:03.187" type="response" statusCode="202" statusText="Accepted" /><!-- duration: 30ms -->
</step><!-- duration: 730ms -->
