<step title="Incoming Request" date="2025-09-02T16:02:40.672" instance="378edf" url="/api/deployments/latest?deployer=OneDeploy&amp;time=2025-09-02_16-00-52Z" method="GET" type="request" pid="772,1,70" Host="decipherworld-app.scm.azurewebsites.net" User-Agent="GITHUBACTIONS_DeployWebAppToAzure_e3e0cc90f51bd273b88d59801700c10a24014198b431abe6f1e4c8246061ffdf" Authorization="Bas..." Content-Type="application/json; charset=utf-8" Cookie="ARRAffinity=378edfce271436517950788fe4512f9ff5f554211c9bdccd63796f2a24a09e02;Path=/;HttpOnly;Secure;Domain=decipherworld-app.scm.azurewebsites.net; ARRAffinitySameSite=378edfce271436517950788fe4512f9ff5f554211c9bdccd63796f2a24a09e02;Path=/;HttpOnly;SameSite=None;Secure;Domain=decipherworld-app.scm.azurewebsites.net" Content-Length="0" X-ARR-LOG-ID="b17a8c04-5304-41cc-b52a-8fa1c302289d" CLIENT-IP="172.208.127.250:13378" X-SITE-DEPLOYMENT-ID="decipherworld-app" WAS-DEFAULT-HOSTNAME="decipherworld-app.scm.azurewebsites.net" X-Forwarded-Proto="https" X-AppService-Proto="https" X-Forwarded-TlsVersion="1.3" X-WAWS-Unencoded-URL="/api/deployments/latest?deployer=OneDeploy&amp;time=2025-09-02_16-00-52Z" X-Client-IP="172.208.127.250" X-Client-Port="13378" >
  <step title="Cleanup Xml Logs" date="2025-09-02T16:02:40.692" >
    <step title="Cleanup Infos" date="2025-09-02T16:02:40.963" totalFiles="372" totalCleanup="212" /><!-- duration: 41ms -->
  </step><!-- duration: 375ms -->
  <step title="DeploymentService.GetResult" date="2025-09-02T16:02:41.157" >
    <step title="DeploymentService.GetLatestDeployment" date="2025-09-02T16:02:41.177" >
      <step title="DeploymentManager.GetResults" date="2025-09-02T16:02:41.235" /><!-- duration: 987ms -->
    </step><!-- duration: 1093ms -->
  </step><!-- duration: 1135ms -->
  <step title="Outgoing response" date="2025-09-02T16:02:42.322" type="response" statusCode="202" statusText="Accepted" /><!-- duration: 41ms -->
</step><!-- duration: 1760ms -->
