<step title="Incoming Request" date="2025-09-02T16:00:50.701" instance="378edf" url="/api/publish?async=true&amp;deployer=GITHUB_ONE_DEPLOY&amp;type=zip&amp;message=%7B%22type%22%3A%22deployment%22%2C%22sha%22%3A%22a23685640570de54c6068d4450e834c9c618365c%22%2C%22repoName%22%3A%22jatinbhagat%2Fdecipherworld%22%2C%22actor%22%3A%22jatinbhagat%22%2C%22slotName%22%3A%22Production%22%2C%22commitMessage%22%3A%22Fullscreen%20fix%22%7D" method="POST" type="request" pid="772,1,72" Host="decipherworld-app.scm.azurewebsites.net" User-Agent="GITHUBACTIONS_DeployWebAppToAzure_e3e0cc90f51bd273b88d59801700c10a24014198b431abe6f1e4c8246061ffdf" Authorization="Bas..." Content-Type="application/octet-stream" Cookie="ARRAffinity=378edfce271436517950788fe4512f9ff5f554211c9bdccd63796f2a24a09e02;Path=/;HttpOnly;Secure;Domain=decipherworld-app.scm.azurewebsites.net; ARRAffinitySameSite=378edfce271436517950788fe4512f9ff5f554211c9bdccd63796f2a24a09e02;Path=/;HttpOnly;SameSite=None;Secure;Domain=decipherworld-app.scm.azurewebsites.net" Transfer-Encoding="chunked" X-ARR-LOG-ID="15e8f105-07e4-4e1f-a1bf-4bc7c8d379a5" CLIENT-IP="172.208.127.250:13376" X-SITE-DEPLOYMENT-ID="decipherworld-app" WAS-DEFAULT-HOSTNAME="decipherworld-app.scm.azurewebsites.net" X-Forwarded-Proto="https" X-AppService-Proto="https" X-Forwarded-TlsVersion="1.3" X-WAWS-Unencoded-URL="/api/publish?async=true&amp;deployer=GITHUB_ONE_DEPLOY&amp;type=zip&amp;message=%7B%22type%22%3A%22deployment%22%2C%22sha%22%3A%22a23685640570de54c6068d4450e834c9c618365c%22%2C%22repoName%22%3A%22jatinbhagat%2Fdecipherworld%22%2C%22actor%22%3A%22jatinbhagat%22%2C%22slotName%22%3A%22Production%22%2C%22commitMessage%22%3A%22Fullscreen%20fix%22%7D" X-Client-IP="172.208.127.250" X-Client-Port="13376" >
  <step title="OneDeploy" date="2025-09-02T16:00:50.759" >
    <step title="Starting PushDeployAsync" date="2025-09-02T16:00:50.803" /><!-- duration: 5ms -->
    <step title="Writing artifact to /tmp/zipdeploy/ff2e4ce4-8fc0-4b89-98f3-8dcd16f18ef0.zip" date="2025-09-02T16:00:50.832" >
      <step title="Writing multipart request body to /tmp/zipdeploy/ff2e4ce4-8fc0-4b89-98f3-8dcd16f18ef0.zip" date="2025-09-02T16:00:50.839" /><!-- duration: 11ms -->
    </step><!-- duration: 966ms -->
    <step title="Removing previous build artifact&apos;s manifest file" date="2025-09-02T16:00:51.811" >
      <step title="Start deployment in the background" date="2025-09-02T16:00:51.828" >
        <step title="Acquiring Deployment Lock" date="2025-09-02T16:00:51.864" /><!-- duration: 5ms -->
        <step title="Acquired Deployment Lock" date="2025-09-02T16:00:51.909" /><!-- duration: 4ms -->
      </step><!-- duration: 208ms -->
    </step><!-- duration: 234ms -->
    <step title="Outgoing response" date="2025-09-02T16:00:52.051" type="response" statusCode="202" statusText="Accepted" /><!-- duration: 4ms -->
  </step><!-- duration: 1300ms -->
