<step title="Incoming Request" date="2025-09-03T00:57:19.431" instance="378edf" url="/api/deployments/latest?deployer=OneDeploy&amp;time=2025-09-03_00-55-34Z" method="GET" type="request" pid="772,1,33" Host="decipherworld-app.scm.azurewebsites.net" User-Agent="GITHUBACTIONS_DeployWebAppToAzure_e3e0cc90f51bd273b88d59801700c10a24014198b431abe6f1e4c8246061ffdf" Authorization="Bas..." Content-Type="application/json; charset=utf-8" Cookie="ARRAffinity=378edfce271436517950788fe4512f9ff5f554211c9bdccd63796f2a24a09e02;Path=/;HttpOnly;Secure;Domain=decipherworld-app.scm.azurewebsites.net; ARRAffinitySameSite=378edfce271436517950788fe4512f9ff5f554211c9bdccd63796f2a24a09e02;Path=/;HttpOnly;SameSite=None;Secure;Domain=decipherworld-app.scm.azurewebsites.net" Content-Length="0" X-ARR-LOG-ID="ad757cb7-b249-4f79-8ab2-81b38b78c4ec" CLIENT-IP="64.236.160.196:35872" X-SITE-DEPLOYMENT-ID="decipherworld-app" WAS-DEFAULT-HOSTNAME="decipherworld-app.scm.azurewebsites.net" X-Forwarded-Proto="https" X-AppService-Proto="https" X-Forwarded-TlsVersion="1.3" X-WAWS-Unencoded-URL="/api/deployments/latest?deployer=OneDeploy&amp;time=2025-09-03_00-55-34Z" X-Client-IP="64.236.160.196" X-Client-Port="35872" >
  <step title="Cleanup Xml Logs" date="2025-09-03T00:57:19.452" >
    <step title="Cleanup Infos" date="2025-09-03T00:57:19.542" totalFiles="449" totalCleanup="289" /><!-- duration: 60ms -->
  </step><!-- duration: 162ms -->
  <step title="DeploymentService.GetResult" date="2025-09-03T00:57:19.664" >
    <step title="DeploymentService.GetLatestDeployment" date="2025-09-03T00:57:19.675" >
      <step title="DeploymentManager.GetResults" date="2025-09-03T00:57:19.753" /><!-- duration: 1477ms -->
    </step><!-- duration: 1707ms -->
  </step><!-- duration: 1759ms -->
  <step title="Outgoing response" date="2025-09-03T00:57:21.545" type="response" statusCode="202" statusText="Accepted" /><!-- duration: 18ms -->
</step><!-- duration: 2202ms -->
