<step title="Incoming Request" date="2025-09-03T00:23:24.590" instance="378edf" url="/api/deployments/latest?deployer=OneDeploy&amp;time=2025-09-03_00-21-57Z" method="GET" type="request" pid="772,1,66" Host="decipherworld-app.scm.azurewebsites.net" User-Agent="GITHUBACTIONS_DeployWebAppToAzure_e3e0cc90f51bd273b88d59801700c10a24014198b431abe6f1e4c8246061ffdf" Authorization="Bas..." Content-Type="application/json; charset=utf-8" Cookie="ARRAffinity=378edfce271436517950788fe4512f9ff5f554211c9bdccd63796f2a24a09e02;Path=/;HttpOnly;Secure;Domain=decipherworld-app.scm.azurewebsites.net; ARRAffinitySameSite=378edfce271436517950788fe4512f9ff5f554211c9bdccd63796f2a24a09e02;Path=/;HttpOnly;SameSite=None;Secure;Domain=decipherworld-app.scm.azurewebsites.net" Content-Length="0" X-ARR-LOG-ID="1ecd8276-0c66-4474-9591-c078c04f5d4b" CLIENT-IP="52.159.247.51:28698" X-SITE-DEPLOYMENT-ID="decipherworld-app" WAS-DEFAULT-HOSTNAME="decipherworld-app.scm.azurewebsites.net" X-Forwarded-Proto="https" X-AppService-Proto="https" X-Forwarded-TlsVersion="1.3" X-WAWS-Unencoded-URL="/api/deployments/latest?deployer=OneDeploy&amp;time=2025-09-03_00-21-57Z" X-Client-IP="52.159.247.51" X-Client-Port="28698" >
  <step title="Cleanup Xml Logs" date="2025-09-03T00:23:24.621" >
    <step title="Cleanup Infos" date="2025-09-03T00:23:24.723" totalFiles="413" totalCleanup="253" /><!-- duration: 80ms -->
  </step><!-- duration: 223ms -->
  <step title="DeploymentService.GetResult" date="2025-09-03T00:23:24.895" >
    <step title="DeploymentService.GetLatestDeployment" date="2025-09-03T00:23:24.932" >
      <step title="DeploymentManager.GetResults" date="2025-09-03T00:23:24.973" /><!-- duration: 1056ms -->
    </step><!-- duration: 1109ms -->
  </step><!-- duration: 1155ms -->
  <step title="Outgoing response" date="2025-09-03T00:23:26.054" type="response" statusCode="202" statusText="Accepted" /><!-- duration: 18ms -->
</step><!-- duration: 1492ms -->
