<step title="Incoming Request" date="2025-09-03T01:08:11.938" instance="378edf" url="/api/deployments/latest?deployer=OneDeploy&amp;time=2025-09-03_01-08-04Z" method="GET" type="request" pid="772,1,35" Host="decipherworld-app.scm.azurewebsites.net" User-Agent="GITHUBACTIONS_DeployWebAppToAzure_e3e0cc90f51bd273b88d59801700c10a24014198b431abe6f1e4c8246061ffdf" Authorization="Bas..." Content-Type="application/json; charset=utf-8" Cookie="ARRAffinity=378edfce271436517950788fe4512f9ff5f554211c9bdccd63796f2a24a09e02;Path=/;HttpOnly;Secure;Domain=decipherworld-app.scm.azurewebsites.net; ARRAffinitySameSite=378edfce271436517950788fe4512f9ff5f554211c9bdccd63796f2a24a09e02;Path=/;HttpOnly;SameSite=None;Secure;Domain=decipherworld-app.scm.azurewebsites.net" Content-Length="0" X-ARR-LOG-ID="2f5c3c76-de7f-4b0e-8abf-534888f7ee22" CLIENT-IP="20.161.71.48:27585" X-SITE-DEPLOYMENT-ID="decipherworld-app" WAS-DEFAULT-HOSTNAME="decipherworld-app.scm.azurewebsites.net" X-Forwarded-Proto="https" X-AppService-Proto="https" X-Forwarded-TlsVersion="1.3" X-WAWS-Unencoded-URL="/api/deployments/latest?deployer=OneDeploy&amp;time=2025-09-03_01-08-04Z" X-Client-IP="20.161.71.48" X-Client-Port="27585" >
  <step title="Cleanup Xml Logs" date="2025-09-03T01:08:11.949" >
    <step title="Cleanup Infos" date="2025-09-03T01:08:12.031" totalFiles="484" totalCleanup="324" /><!-- duration: 29ms -->
  </step><!-- duration: 121ms -->
  <step title="DeploymentService.GetResult" date="2025-09-03T01:08:12.118" >
    <step title="DeploymentService.GetLatestDeployment" date="2025-09-03T01:08:12.138" >
      <step title="DeploymentManager.GetResults" date="2025-09-03T01:08:12.160" /><!-- duration: 1404ms -->
    </step><!-- duration: 1458ms -->
  </step><!-- duration: 1506ms -->
  <step title="Outgoing response" date="2025-09-03T01:08:13.644" type="response" statusCode="202" statusText="Accepted" /><!-- duration: 11ms -->
</step><!-- duration: 1738ms -->
