<step title="Incoming Request" date="2025-09-02T14:39:14.651" instance="378edf" url="/api/deployments/latest?deployer=OneDeploy&amp;time=2025-09-02_14-09-29Z" method="GET" type="request" pid="772,1,21" Host="decipherworld-app.scm.azurewebsites.net" User-Agent="GITHUBACTIONS_DeployWebAppToAzure_e3e0cc90f51bd273b88d59801700c10a24014198b431abe6f1e4c8246061ffdf" Authorization="Bas..." Content-Type="application/json; charset=utf-8" Cookie="ARRAffinity=378edfce271436517950788fe4512f9ff5f554211c9bdccd63796f2a24a09e02;Path=/;HttpOnly;Secure;Domain=decipherworld-app.scm.azurewebsites.net; ARRAffinitySameSite=378edfce271436517950788fe4512f9ff5f554211c9bdccd63796f2a24a09e02;Path=/;HttpOnly;SameSite=None;Secure;Domain=decipherworld-app.scm.azurewebsites.net" Content-Length="0" X-ARR-LOG-ID="9f2d9cef-0940-435f-bb4f-4ee6a9e8ca74" CLIENT-IP="4.227.173.121:4162" X-SITE-DEPLOYMENT-ID="decipherworld-app" WAS-DEFAULT-HOSTNAME="decipherworld-app.scm.azurewebsites.net" X-Forwarded-Proto="https" X-AppService-Proto="https" X-Forwarded-TlsVersion="1.3" X-WAWS-Unencoded-URL="/api/deployments/latest?deployer=OneDeploy&amp;time=2025-09-02_14-09-29Z" X-Client-IP="4.227.173.121" X-Client-Port="4162" >
  <step title="Cleanup Xml Logs" date="2025-09-02T14:39:14.750" >
    <step title="Cleanup Infos" date="2025-09-02T14:39:14.912" totalFiles="296" totalCleanup="136" /><!-- duration: 69ms -->
  </step><!-- duration: 243ms -->
  <step title="DeploymentService.GetResult" date="2025-09-02T14:39:15.162" >
    <step title="DeploymentService.GetLatestDeployment" date="2025-09-02T14:39:15.193" >
      <step title="DeploymentManager.GetResults" date="2025-09-02T14:39:15.205" /><!-- duration: 1066ms -->
    </step><!-- duration: 1148ms -->
  </step><!-- duration: 1228ms -->
  <step title="Outgoing response" date="2025-09-02T14:39:16.500" type="response" statusCode="202" statusText="Accepted" /><!-- duration: 52ms -->
</step><!-- duration: 1920ms -->
