<step title="Incoming Request" date="2025-09-02T14:50:56.699" instance="378edf" url="/api/deployments/latest?deployer=OneDeploy&amp;time=2025-09-02_14-49-25Z" method="GET" type="request" pid="772,1,17" Host="decipherworld-app.scm.azurewebsites.net" User-Agent="GITHUBACTIONS_DeployWebAppToAzure_e3e0cc90f51bd273b88d59801700c10a24014198b431abe6f1e4c8246061ffdf" Authorization="Bas..." Content-Type="application/json; charset=utf-8" Cookie="ARRAffinity=378edfce271436517950788fe4512f9ff5f554211c9bdccd63796f2a24a09e02;Path=/;HttpOnly;Secure;Domain=decipherworld-app.scm.azurewebsites.net; ARRAffinitySameSite=378edfce271436517950788fe4512f9ff5f554211c9bdccd63796f2a24a09e02;Path=/;HttpOnly;SameSite=None;Secure;Domain=decipherworld-app.scm.azurewebsites.net" Content-Length="0" X-ARR-LOG-ID="5390b62e-4280-4efd-b37e-a83e52d3fdc3" CLIENT-IP="172.182.225.193:8192" X-SITE-DEPLOYMENT-ID="decipherworld-app" WAS-DEFAULT-HOSTNAME="decipherworld-app.scm.azurewebsites.net" X-Forwarded-Proto="https" X-AppService-Proto="https" X-Forwarded-TlsVersion="1.3" X-WAWS-Unencoded-URL="/api/deployments/latest?deployer=OneDeploy&amp;time=2025-09-02_14-49-25Z" X-Client-IP="172.182.225.193" X-Client-Port="8192" >
  <step title="Cleanup Xml Logs" date="2025-09-02T14:50:56.731" >
    <step title="Cleanup Infos" date="2025-09-02T14:50:56.772" totalFiles="323" totalCleanup="163" /><!-- duration: 29ms -->
  </step><!-- duration: 88ms -->
  <step title="DeploymentService.GetResult" date="2025-09-02T14:50:56.852" >
    <step title="DeploymentService.GetLatestDeployment" date="2025-09-02T14:50:56.862" >
      <step title="DeploymentManager.GetResults" date="2025-09-02T14:50:56.889" /><!-- duration: 780ms -->
    </step><!-- duration: 818ms -->
  </step><!-- duration: 837ms -->
  <step title="Outgoing response" date="2025-09-02T14:50:57.729" type="response" statusCode="202" statusText="Accepted" /><!-- duration: 28ms -->
</step><!-- duration: 1069ms -->
