<step title="Incoming Request" date="2025-09-03T00:55:33.109" instance="378edf" url="/api/publish?async=true&amp;deployer=GITHUB_ONE_DEPLOY&amp;type=zip&amp;message=%7B%22type%22%3A%22deployment%22%2C%22sha%22%3A%22011457ff347e13d55d918b7f30e100f4d3d423b4%22%2C%22repoName%22%3A%22jatinbhagat%2Fdecipherworld%22%2C%22actor%22%3A%22jatinbhagat%22%2C%22slotName%22%3A%22Production%22%2C%22commitMessage%22%3A%22Tailwind%20CSS%20deployed%22%7D" method="POST" type="request" pid="772,1,40" Host="decipherworld-app.scm.azurewebsites.net" User-Agent="GITHUBACTIONS_DeployWebAppToAzure_e3e0cc90f51bd273b88d59801700c10a24014198b431abe6f1e4c8246061ffdf" Authorization="Bas..." Content-Type="application/octet-stream" Cookie="ARRAffinity=378edfce271436517950788fe4512f9ff5f554211c9bdccd63796f2a24a09e02;Path=/;HttpOnly;Secure;Domain=decipherworld-app.scm.azurewebsites.net; ARRAffinitySameSite=378edfce271436517950788fe4512f9ff5f554211c9bdccd63796f2a24a09e02;Path=/;HttpOnly;SameSite=None;Secure;Domain=decipherworld-app.scm.azurewebsites.net" Transfer-Encoding="chunked" X-ARR-LOG-ID="e43fcd5b-354d-4653-a588-5d93ce66bb37" CLIENT-IP="64.236.160.196:35872" X-SITE-DEPLOYMENT-ID="decipherworld-app" WAS-DEFAULT-HOSTNAME="decipherworld-app.scm.azurewebsites.net" X-Forwarded-Proto="https" X-AppService-Proto="https" X-Forwarded-TlsVersion="1.3" X-WAWS-Unencoded-URL="/api/publish?async=true&amp;deployer=GITHUB_ONE_DEPLOY&amp;type=zip&amp;message=%7B%22type%22%3A%22deployment%22%2C%22sha%22%3A%22011457ff347e13d55d918b7f30e100f4d3d423b4%22%2C%22repoName%22%3A%22jatinbhagat%2Fdecipherworld%22%2C%22actor%22%3A%22jatinbhagat%22%2C%22slotName%22%3A%22Production%22%2C%22commitMessage%22%3A%22Tailwind%20CSS%20deployed%22%7D" X-Client-IP="64.236.160.196" X-Client-Port="35872" >
  <step title="OneDeploy" date="2025-09-03T00:55:33.141" >
    <step title="Starting PushDeployAsync" date="2025-09-03T00:55:33.162" /><!-- duration: 5ms -->
    <step title="Writing artifact to /tmp/zipdeploy/55059f43-7032-47b6-be7e-1ffb995b0cc3.zip" date="2025-09-03T00:55:33.186" >
      <step title="Writing multipart request body to /tmp/zipdeploy/55059f43-7032-47b6-be7e-1ffb995b0cc3.zip" date="2025-09-03T00:55:33.195" /><!-- duration: 17ms -->
    </step><!-- duration: 1115ms -->
    <step title="Removing previous build artifact&apos;s manifest file" date="2025-09-03T00:55:34.327" >
      <step title="Start deployment in the background" date="2025-09-03T00:55:34.352" >
        <step title="Acquiring Deployment Lock" date="2025-09-03T00:55:34.379" /><!-- duration: 5ms -->
        <step title="Acquired Deployment Lock" date="2025-09-03T00:55:34.428" /><!-- duration: 4ms -->
      </step><!-- duration: 208ms -->
    </step><!-- duration: 249ms -->
    <step title="Outgoing response" date="2025-09-03T00:55:34.583" type="response" statusCode="202" statusText="Accepted" /><!-- duration: 4ms -->
  </step><!-- duration: 1450ms -->
