<step title="Incoming Request" date="2025-09-03T00:58:48.717" instance="378edf" url="/api/deployments/latest?deployer=OneDeploy&amp;time=2025-09-03_00-58-23Z" method="GET" type="request" pid="772,1,36" Host="decipherworld-app.scm.azurewebsites.net" User-Agent="GITHUBACTIONS_DeployWebAppToAzure_e3e0cc90f51bd273b88d59801700c10a24014198b431abe6f1e4c8246061ffdf" Authorization="Bas..." Content-Type="application/json; charset=utf-8" Cookie="ARRAffinity=378edfce271436517950788fe4512f9ff5f554211c9bdccd63796f2a24a09e02;Path=/;HttpOnly;Secure;Domain=decipherworld-app.scm.azurewebsites.net; ARRAffinitySameSite=378edfce271436517950788fe4512f9ff5f554211c9bdccd63796f2a24a09e02;Path=/;HttpOnly;SameSite=None;Secure;Domain=decipherworld-app.scm.azurewebsites.net" Content-Length="0" X-ARR-LOG-ID="f7cc952f-29c1-40cf-96b2-21010461bd53" CLIENT-IP="64.236.176.146:48129" X-SITE-DEPLOYMENT-ID="decipherworld-app" WAS-DEFAULT-HOSTNAME="decipherworld-app.scm.azurewebsites.net" X-Forwarded-Proto="https" X-AppService-Proto="https" X-Forwarded-TlsVersion="1.3" X-WAWS-Unencoded-URL="/api/deployments/latest?deployer=OneDeploy&amp;time=2025-09-03_00-58-23Z" X-Client-IP="64.236.176.146" X-Client-Port="48129" >
  <step title="Cleanup Xml Logs" date="2025-09-03T00:58:48.775" >
    <step title="Cleanup Infos" date="2025-09-03T00:58:49.056" totalFiles="460" totalCleanup="300" /><!-- duration: 42ms -->
  </step><!-- duration: 343ms -->
  <step title="DeploymentService.GetResult" date="2025-09-03T00:58:49.168" >
    <step title="DeploymentService.GetLatestDeployment" date="2025-09-03T00:58:49.179" >
      <step title="DeploymentManager.GetResults" date="2025-09-03T00:58:49.200" /><!-- duration: 1090ms -->
    </step><!-- duration: 1169ms -->
  </step><!-- duration: 1209ms -->
  <step title="Outgoing response" date="2025-09-03T00:58:50.410" type="response" statusCode="202" statusText="Accepted" /><!-- duration: 38ms -->
</step><!-- duration: 1763ms -->
