<step title="Incoming Request" date="2025-09-03T00:02:50.328" instance="378edf" url="/api/deployments/latest?deployer=OneDeploy&amp;time=2025-09-03_00-01-12Z" method="GET" type="request" pid="772,1,56" Host="decipherworld-app.scm.azurewebsites.net" User-Agent="GITHUBACTIONS_DeployWebAppToAzure_e3e0cc90f51bd273b88d59801700c10a24014198b431abe6f1e4c8246061ffdf" Authorization="Bas..." Content-Type="application/json; charset=utf-8" Cookie="ARRAffinity=378edfce271436517950788fe4512f9ff5f554211c9bdccd63796f2a24a09e02;Path=/;HttpOnly;Secure;Domain=decipherworld-app.scm.azurewebsites.net; ARRAffinitySameSite=378edfce271436517950788fe4512f9ff5f554211c9bdccd63796f2a24a09e02;Path=/;HttpOnly;SameSite=None;Secure;Domain=decipherworld-app.scm.azurewebsites.net" Content-Length="0" X-ARR-LOG-ID="89625121-3625-4fd7-b61c-d94d13ff13f2" CLIENT-IP="172.182.195.224:46082" X-SITE-DEPLOYMENT-ID="decipherworld-app" WAS-DEFAULT-HOSTNAME="decipherworld-app.scm.azurewebsites.net" X-Forwarded-Proto="https" X-AppService-Proto="https" X-Forwarded-TlsVersion="1.3" X-WAWS-Unencoded-URL="/api/deployments/latest?deployer=OneDeploy&amp;time=2025-09-03_00-01-12Z" X-Client-IP="172.182.195.224" X-Client-Port="46082" >
  <step title="Cleanup Xml Logs" date="2025-09-03T00:02:50.338" >
    <step title="Cleanup Infos" date="2025-09-03T00:02:50.380" totalFiles="393" totalCleanup="233" /><!-- duration: 50ms -->
  </step><!-- duration: 142ms -->
  <step title="DeploymentService.GetResult" date="2025-09-03T00:02:50.571" >
    <step title="DeploymentService.GetLatestDeployment" date="2025-09-03T00:02:50.590" >
      <step title="DeploymentManager.GetResults" date="2025-09-03T00:02:50.601" /><!-- duration: 562ms -->
    </step><!-- duration: 603ms -->
  </step><!-- duration: 632ms -->
  <step title="Outgoing response" date="2025-09-03T00:02:51.222" type="response" statusCode="202" statusText="Accepted" /><!-- duration: 20ms -->
</step><!-- duration: 924ms -->
