<step title="Incoming Request" date="2025-09-03T00:56:11.445" instance="378edf" url="/api/publish?async=true&amp;deployer=GITHUB_ONE_DEPLOY&amp;type=zip&amp;message=%7B%22type%22%3A%22deployment%22%2C%22sha%22%3A%2285c8293e5cf4d0027b39d603c7c09d74dcd2c54d%22%2C%22repoName%22%3A%22jatinbhagat%2Fdecipherworld%22%2C%22actor%22%3A%22jatinbhagat%22%2C%22slotName%22%3A%22Production%22%2C%22commitMessage%22%3A%22index%22%7D" method="POST" type="request" pid="772,1,32" Host="decipherworld-app.scm.azurewebsites.net" User-Agent="GITHUBACTIONS_DeployWebAppToAzure_e3e0cc90f51bd273b88d59801700c10a24014198b431abe6f1e4c8246061ffdf" Authorization="Bas..." Content-Type="application/octet-stream" Cookie="ARRAffinity=378edfce271436517950788fe4512f9ff5f554211c9bdccd63796f2a24a09e02;Path=/;HttpOnly;Secure;Domain=decipherworld-app.scm.azurewebsites.net; ARRAffinitySameSite=378edfce271436517950788fe4512f9ff5f554211c9bdccd63796f2a24a09e02;Path=/;HttpOnly;SameSite=None;Secure;Domain=decipherworld-app.scm.azurewebsites.net" Transfer-Encoding="chunked" X-ARR-LOG-ID="658c26af-6c6d-4f73-afb5-213be8b88a46" CLIENT-IP="172.174.167.19:31744" X-SITE-DEPLOYMENT-ID="decipherworld-app" WAS-DEFAULT-HOSTNAME="decipherworld-app.scm.azurewebsites.net" X-Forwarded-Proto="https" X-AppService-Proto="https" X-Forwarded-TlsVersion="1.3" X-WAWS-Unencoded-URL="/api/publish?async=true&amp;deployer=GITHUB_ONE_DEPLOY&amp;type=zip&amp;message=%7B%22type%22%3A%22deployment%22%2C%22sha%22%3A%2285c8293e5cf4d0027b39d603c7c09d74dcd2c54d%22%2C%22repoName%22%3A%22jatinbhagat%2Fdecipherworld%22%2C%22actor%22%3A%22jatinbhagat%22%2C%22slotName%22%3A%22Production%22%2C%22commitMessage%22%3A%22index%22%7D" X-Client-IP="172.174.167.19" X-Client-Port="31744" >
  <step title="Cleanup Xml Logs" date="2025-09-03T00:56:11.458" >
    <step title="Cleanup Infos" date="2025-09-03T00:56:11.547" totalFiles="432" totalCleanup="272" /><!-- duration: 19ms -->
  </step><!-- duration: 129ms -->
  <step title="OneDeploy" date="2025-09-03T00:56:11.616" >
    <step title="Starting PushDeployAsync" date="2025-09-03T00:56:11.648" /><!-- duration: 10ms -->
    <step title="Writing artifact to /tmp/zipdeploy/a45ec3c6-1d67-40c9-b1bf-e2e2920b1aa3.zip" date="2025-09-03T00:56:11.720" >
      <step title="Writing multipart request body to /tmp/zipdeploy/a45ec3c6-1d67-40c9-b1bf-e2e2920b1aa3.zip" date="2025-09-03T00:56:11.749" /><!-- duration: 38ms -->
    </step><!-- duration: 713ms -->
    <step title="Start deployment in the background" date="2025-09-03T00:56:12.503" >
      <step title="Acquiring Deployment Lock" date="2025-09-03T00:56:12.633" /><!-- duration: 12ms -->
      <step title="Cannot Acquire Deployment Lock already held" date="2025-09-03T00:56:12.753" /><!-- duration: 20ms -->
    </step><!-- duration: 391ms -->
    <step title="There is a deployment currently in progress. Please try again when it completes." date="2025-09-03T00:56:12.906" /><!-- duration: 18ms -->
  </step><!-- duration: 1340ms -->
  <step title="Outgoing response" date="2025-09-03T00:56:13.025" type="response" statusCode="409" statusText="Conflict" /><!-- duration: 21ms -->
</step><!-- duration: 1670ms -->
