<step title="Incoming Request" date="2025-09-03T00:56:35.131" instance="378edf" url="/api/deployments/latest?deployer=OneDeploy&amp;time=2025-09-03_00-55-34Z" method="GET" type="request" pid="772,1,34" Host="decipherworld-app.scm.azurewebsites.net" User-Agent="GITHUBACTIONS_DeployWebAppToAzure_e3e0cc90f51bd273b88d59801700c10a24014198b431abe6f1e4c8246061ffdf" Authorization="Bas..." Content-Type="application/json; charset=utf-8" Cookie="ARRAffinity=378edfce271436517950788fe4512f9ff5f554211c9bdccd63796f2a24a09e02;Path=/;HttpOnly;Secure;Domain=decipherworld-app.scm.azurewebsites.net; ARRAffinitySameSite=378edfce271436517950788fe4512f9ff5f554211c9bdccd63796f2a24a09e02;Path=/;HttpOnly;SameSite=None;Secure;Domain=decipherworld-app.scm.azurewebsites.net" Content-Length="0" X-ARR-LOG-ID="5c292fd4-b1bd-4cb2-b66b-79764493d2e0" CLIENT-IP="64.236.160.196:35872" X-SITE-DEPLOYMENT-ID="decipherworld-app" WAS-DEFAULT-HOSTNAME="decipherworld-app.scm.azurewebsites.net" X-Forwarded-Proto="https" X-AppService-Proto="https" X-Forwarded-TlsVersion="1.3" X-WAWS-Unencoded-URL="/api/deployments/latest?deployer=OneDeploy&amp;time=2025-09-03_00-55-34Z" X-Client-IP="64.236.160.196" X-Client-Port="35872" >
  <step title="Cleanup Xml Logs" date="2025-09-03T00:56:35.140" >
    <step title="Cleanup Infos" date="2025-09-03T00:56:35.249" totalFiles="439" totalCleanup="279" /><!-- duration: 32ms -->
  </step><!-- duration: 151ms -->
  <step title="DeploymentService.GetResult" date="2025-09-03T00:56:35.329" >
    <step title="DeploymentService.GetLatestDeployment" date="2025-09-03T00:56:35.350" >
      <step title="DeploymentManager.GetResults" date="2025-09-03T00:56:35.360" /><!-- duration: 887ms -->
    </step><!-- duration: 917ms -->
  </step><!-- duration: 947ms -->
  <step title="Outgoing response" date="2025-09-03T00:56:36.295" type="response" statusCode="202" statusText="Accepted" /><!-- duration: 22ms -->
</step><!-- duration: 1245ms -->
