<step title="Incoming Request" date="2025-09-02T14:49:23.088" instance="378edf" url="/api/publish?async=true&amp;deployer=GITHUB_ONE_DEPLOY&amp;type=zip&amp;message=%7B%22type%22%3A%22deployment%22%2C%22sha%22%3A%22edc3271060e747fce488f7e1f95d19818fd1af39%22%2C%22repoName%22%3A%22jatinbhagat%2Fdecipherworld%22%2C%22actor%22%3A%22jatinbhagat%22%2C%22slotName%22%3A%22Production%22%2C%22commitMessage%22%3A%22Fix%20Azure%20deployment%3A%20Simplify%20startup%20script%20for%20faster%20deployment%5Cn%5Cn-%20Remove%20time-consuming%20migration%20and%20collectstatic%20steps%20from%20startup.sh%5Cn-%20Keep%20basic%20Gunicorn%20server%20startup%20only%5Cn-%20Will%20re-add%20full%20features%20after%20basic%20deployment%20works%5Cn%5Cn%F0%9F%A4%96%20Generated%20with%20%5BClaude%20Code%5D(https%3A%2F%2Fclaude.ai%2Fcode)%5Cn%5CnCo-Authored-By%3A%20Claude%20%3Cnoreply%40anthropic.com%3E%22%7D" method="POST" type="request" pid="772,1,3" Host="decipherworld-app.scm.azurewebsites.net" User-Agent="GITHUBACTIONS_DeployWebAppToAzure_e3e0cc90f51bd273b88d59801700c10a24014198b431abe6f1e4c8246061ffdf" Authorization="Bas..." Content-Type="application/octet-stream" Cookie="ARRAffinity=378edfce271436517950788fe4512f9ff5f554211c9bdccd63796f2a24a09e02;Path=/;HttpOnly;Secure;Domain=decipherworld-app.scm.azurewebsites.net; ARRAffinitySameSite=378edfce271436517950788fe4512f9ff5f554211c9bdccd63796f2a24a09e02;Path=/;HttpOnly;SameSite=None;Secure;Domain=decipherworld-app.scm.azurewebsites.net" Transfer-Encoding="chunked" X-ARR-LOG-ID="7a4065e6-ef27-41c4-a0d5-3fb1f51579aa" CLIENT-IP="172.182.225.193:8192" X-SITE-DEPLOYMENT-ID="decipherworld-app" WAS-DEFAULT-HOSTNAME="decipherworld-app.scm.azurewebsites.net" X-Forwarded-Proto="https" X-AppService-Proto="https" X-Forwarded-TlsVersion="1.3" X-WAWS-Unencoded-URL="/api/publish?async=true&amp;deployer=GITHUB_ONE_DEPLOY&amp;type=zip&amp;message=%7B%22type%22%3A%22deployment%22%2C%22sha%22%3A%22edc3271060e747fce488f7e1f95d19818fd1af39%22%2C%22repoName%22%3A%22jatinbhagat%2Fdecipherworld%22%2C%22actor%22%3A%22jatinbhagat%22%2C%22slotName%22%3A%22Production%22%2C%22commitMessage%22%3A%22Fix%20Azure%20deployment%3A%20Simplify%20startup%20script%20for%20faster%20deployment%5Cn%5Cn-%20Remove%20time-consuming%20migration%20and%20collectstatic%20steps%20from%20startup.sh%5Cn-%20Keep%20basic%20Gunicorn%20server%20startup%20only%5Cn-%20Will%20re-add%20full%20features%20after%20basic%20deployment%20works%5Cn%5Cn%F0%9F%A4%96%20Generated%20with%20%5BClaude%20Code%5D(https%3A%2F%2Fclaude.ai%2Fcode)%5Cn%5CnCo-Authored-By%3A%20Claude%20%3Cnoreply%40anthropic.com%3E%22%7D" X-Client-IP="172.182.225.193" X-Client-Port="8192" >
  <step title="OneDeploy" date="2025-09-02T14:49:23.463" >
    <step title="None repository commit" date="2025-09-02T14:49:23.593" >
      <step title="Commit id: 5d5b04ce-6642-4753-bbdd-f483f9c4e7bd" date="2025-09-02T14:49:23.604" Message="N/A" AuthorName="N/A" AuthorEmail="N/A" /><!-- duration: 17ms -->
    </step><!-- duration: 51ms -->
    <step title="Starting PushDeployAsync" date="2025-09-02T14:49:23.654" /><!-- duration: 10ms -->
    <step title="Writing artifact to /tmp/zipdeploy/ca4bd4d8-33fb-4578-8e59-18acfa95870c.zip" date="2025-09-02T14:49:23.802" >
      <step title="Writing multipart request body to /tmp/zipdeploy/ca4bd4d8-33fb-4578-8e59-18acfa95870c.zip" date="2025-09-02T14:49:23.823" /><!-- duration: 11ms -->
    </step><!-- duration: 874ms -->
    <step title="Start deployment in the background" date="2025-09-02T14:49:24.757" >
      <step title="Acquiring Deployment Lock" date="2025-09-02T14:49:24.927" /><!-- duration: 12ms -->
      <step title="Acquired Deployment Lock" date="2025-09-02T14:49:25.018" /><!-- duration: 3ms -->
    </step><!-- duration: 415ms -->
  </step><!-- duration: 1742ms -->
  <step title="Outgoing response" date="2025-09-02T14:49:25.228" type="response" statusCode="202" statusText="Accepted" /><!-- duration: 4ms -->
</step><!-- duration: 2148ms -->
