<step title="Incoming Request" date="2025-09-03T00:02:19.478" instance="378edf" url="/api/deployments/latest?deployer=OneDeploy&amp;time=2025-09-03_00-01-12Z" method="GET" type="request" pid="772,1,56" Host="decipherworld-app.scm.azurewebsites.net" User-Agent="GITHUBACTIONS_DeployWebAppToAzure_e3e0cc90f51bd273b88d59801700c10a24014198b431abe6f1e4c8246061ffdf" Authorization="Bas..." Content-Type="application/json; charset=utf-8" Cookie="ARRAffinity=378edfce271436517950788fe4512f9ff5f554211c9bdccd63796f2a24a09e02;Path=/;HttpOnly;Secure;Domain=decipherworld-app.scm.azurewebsites.net; ARRAffinitySameSite=378edfce271436517950788fe4512f9ff5f554211c9bdccd63796f2a24a09e02;Path=/;HttpOnly;SameSite=None;Secure;Domain=decipherworld-app.scm.azurewebsites.net" Content-Length="0" X-ARR-LOG-ID="aa17197c-b90e-4d03-9f67-7b6ac2ceff5b" CLIENT-IP="172.182.195.224:46081" X-SITE-DEPLOYMENT-ID="decipherworld-app" WAS-DEFAULT-HOSTNAME="decipherworld-app.scm.azurewebsites.net" X-Forwarded-Proto="https" X-AppService-Proto="https" X-Forwarded-TlsVersion="1.3" X-WAWS-Unencoded-URL="/api/deployments/latest?deployer=OneDeploy&amp;time=2025-09-03_00-01-12Z" X-Client-IP="172.182.195.224" X-Client-Port="46081" >
  <step title="Cleanup Xml Logs" date="2025-09-03T00:02:19.500" >
    <step title="Cleanup Infos" date="2025-09-03T00:02:19.610" totalFiles="389" totalCleanup="229" /><!-- duration: 121ms -->
  </step><!-- duration: 241ms -->
  <step title="DeploymentService.GetResult" date="2025-09-03T00:02:19.802" >
    <step title="DeploymentService.GetLatestDeployment" date="2025-09-03T00:02:19.822" >
      <step title="DeploymentManager.GetResults" date="2025-09-03T00:02:19.832" /><!-- duration: 895ms -->
    </step><!-- duration: 944ms -->
  </step><!-- duration: 974ms -->
  <step title="Outgoing response" date="2025-09-03T00:02:20.797" type="response" statusCode="202" statusText="Accepted" /><!-- duration: 21ms -->
</step><!-- duration: 1367ms -->
