<step title="Incoming Request" date="2025-09-02T14:50:50.094" instance="378edf" url="/api/deployments/latest?deployer=OneDeploy&amp;time=2025-09-02_14-49-25Z" method="GET" type="request" pid="772,1,17" Host="decipherworld-app.scm.azurewebsites.net" User-Agent="GITHUBACTIONS_DeployWebAppToAzure_e3e0cc90f51bd273b88d59801700c10a24014198b431abe6f1e4c8246061ffdf" Authorization="Bas..." Content-Type="application/json; charset=utf-8" Cookie="ARRAffinity=378edfce271436517950788fe4512f9ff5f554211c9bdccd63796f2a24a09e02;Path=/;HttpOnly;Secure;Domain=decipherworld-app.scm.azurewebsites.net; ARRAffinitySameSite=378edfce271436517950788fe4512f9ff5f554211c9bdccd63796f2a24a09e02;Path=/;HttpOnly;SameSite=None;Secure;Domain=decipherworld-app.scm.azurewebsites.net" Content-Length="0" X-ARR-LOG-ID="d3af3974-d364-4939-ae6d-682456e46045" CLIENT-IP="172.182.225.193:8194" X-SITE-DEPLOYMENT-ID="decipherworld-app" WAS-DEFAULT-HOSTNAME="decipherworld-app.scm.azurewebsites.net" X-Forwarded-Proto="https" X-AppService-Proto="https" X-Forwarded-TlsVersion="1.3" X-WAWS-Unencoded-URL="/api/deployments/latest?deployer=OneDeploy&amp;time=2025-09-02_14-49-25Z" X-Client-IP="172.182.225.193" X-Client-Port="8194" >
  <step title="Cleanup Xml Logs" date="2025-09-02T14:50:50.115" >
    <step title="Cleanup Infos" date="2025-09-02T14:50:50.183" totalFiles="322" totalCleanup="162" /><!-- duration: 22ms -->
  </step><!-- duration: 101ms -->
  <step title="DeploymentService.GetResult" date="2025-09-02T14:50:50.244" >
    <step title="DeploymentService.GetLatestDeployment" date="2025-09-02T14:50:50.253" >
      <step title="DeploymentManager.GetResults" date="2025-09-02T14:50:50.258" /><!-- duration: 342ms -->
    </step><!-- duration: 352ms -->
  </step><!-- duration: 365ms -->
  <step title="Outgoing response" date="2025-09-02T14:50:50.613" type="response" statusCode="202" statusText="Accepted" /><!-- duration: 4ms -->
</step><!-- duration: 528ms -->
