<step title="Incoming Request" date="2025-09-02T14:50:13.962" instance="378edf" url="/api/deployments/latest?deployer=OneDeploy&amp;time=2025-09-02_14-49-25Z" method="GET" type="request" pid="772,1,18" Host="decipherworld-app.scm.azurewebsites.net" User-Agent="GITHUBACTIONS_DeployWebAppToAzure_e3e0cc90f51bd273b88d59801700c10a24014198b431abe6f1e4c8246061ffdf" Authorization="Bas..." Content-Type="application/json; charset=utf-8" Cookie="ARRAffinity=378edfce271436517950788fe4512f9ff5f554211c9bdccd63796f2a24a09e02;Path=/;HttpOnly;Secure;Domain=decipherworld-app.scm.azurewebsites.net; ARRAffinitySameSite=378edfce271436517950788fe4512f9ff5f554211c9bdccd63796f2a24a09e02;Path=/;HttpOnly;SameSite=None;Secure;Domain=decipherworld-app.scm.azurewebsites.net" Content-Length="0" X-ARR-LOG-ID="c208347c-6215-4820-aeed-383e5548b32c" CLIENT-IP="172.182.225.193:8192" X-SITE-DEPLOYMENT-ID="decipherworld-app" WAS-DEFAULT-HOSTNAME="decipherworld-app.scm.azurewebsites.net" X-Forwarded-Proto="https" X-AppService-Proto="https" X-Forwarded-TlsVersion="1.3" X-WAWS-Unencoded-URL="/api/deployments/latest?deployer=OneDeploy&amp;time=2025-09-02_14-49-25Z" X-Client-IP="172.182.225.193" X-Client-Port="8192" >
  <step title="Cleanup Xml Logs" date="2025-09-02T14:50:13.981" >
    <step title="Cleanup Infos" date="2025-09-02T14:50:14.022" totalFiles="317" totalCleanup="157" /><!-- duration: 41ms -->
  </step><!-- duration: 103ms -->
  <step title="DeploymentService.GetResult" date="2025-09-02T14:50:14.144" >
    <step title="DeploymentService.GetLatestDeployment" date="2025-09-02T14:50:14.164" >
      <step title="DeploymentManager.GetResults" date="2025-09-02T14:50:14.182" /><!-- duration: 925ms -->
    </step><!-- duration: 976ms -->
  </step><!-- duration: 1014ms -->
  <step title="Outgoing response" date="2025-09-02T14:50:15.189" type="response" statusCode="202" statusText="Accepted" /><!-- duration: 29ms -->
</step><!-- duration: 1277ms -->
