<step title="Incoming Request" date="2025-09-02T14:09:27.120" instance="378edf" url="/api/publish?async=true&amp;deployer=GITHUB_ONE_DEPLOY&amp;type=zip&amp;message=%7B%22type%22%3A%22deployment%22%2C%22sha%22%3A%223fa3c0d81bc1f554a077b9b8c0ece89eecb5ff8b%22%2C%22repoName%22%3A%22jatinbhagat%2Fdecipherworld%22%2C%22actor%22%3A%22jatinbhagat%22%2C%22slotName%22%3A%22Production%22%2C%22commitMessage%22%3A%22Add%20or%20update%20the%20Azure%20App%20Service%20build%20and%20deployment%20workflow%20config%22%7D" method="POST" type="request" pid="770,1,7" Host="decipherworld-app.scm.azurewebsites.net" User-Agent="GITHUBACTIONS_DeployWebAppToAzure_e3e0cc90f51bd273b88d59801700c10a24014198b431abe6f1e4c8246061ffdf" Authorization="Bas..." Content-Type="application/octet-stream" Cookie="ARRAffinity=378edfce271436517950788fe4512f9ff5f554211c9bdccd63796f2a24a09e02;Path=/;HttpOnly;Secure;Domain=decipherworld-app.scm.azurewebsites.net; ARRAffinitySameSite=378edfce271436517950788fe4512f9ff5f554211c9bdccd63796f2a24a09e02;Path=/;HttpOnly;SameSite=None;Secure;Domain=decipherworld-app.scm.azurewebsites.net" Transfer-Encoding="chunked" X-ARR-LOG-ID="76b3f526-6223-4dc5-95c1-bd3ec14fdd5e" CLIENT-IP="4.227.173.121:4160" X-SITE-DEPLOYMENT-ID="decipherworld-app" WAS-DEFAULT-HOSTNAME="decipherworld-app.scm.azurewebsites.net" X-Forwarded-Proto="https" X-AppService-Proto="https" X-Forwarded-TlsVersion="1.3" X-WAWS-Unencoded-URL="/api/publish?async=true&amp;deployer=GITHUB_ONE_DEPLOY&amp;type=zip&amp;message=%7B%22type%22%3A%22deployment%22%2C%22sha%22%3A%223fa3c0d81bc1f554a077b9b8c0ece89eecb5ff8b%22%2C%22repoName%22%3A%22jatinbhagat%2Fdecipherworld%22%2C%22actor%22%3A%22jatinbhagat%22%2C%22slotName%22%3A%22Production%22%2C%22commitMessage%22%3A%22Add%20or%20update%20the%20Azure%20App%20Service%20build%20and%20deployment%20workflow%20config%22%7D" X-Client-IP="4.227.173.121" X-Client-Port="4160" >
  <step title="OneDeploy" date="2025-09-02T14:09:27.581" >
    <step title="None repository commit" date="2025-09-02T14:09:27.752" >
      <step title="Commit id: c6e8f83c-c58a-419f-91ab-d832a87d8399" date="2025-09-02T14:09:27.784" Message="N/A" AuthorName="N/A" AuthorEmail="N/A" /><!-- duration: 29ms -->
    </step><!-- duration: 81ms -->
    <step title="Starting PushDeployAsync" date="2025-09-02T14:09:27.902" /><!-- duration: 51ms -->
    <step title="Writing artifact to /tmp/zipdeploy/7e6a5993-3374-4b4c-99ab-d0dda4ecadbd.zip" date="2025-09-02T14:09:28.065" >
      <step title="Writing multipart request body to /tmp/zipdeploy/7e6a5993-3374-4b4c-99ab-d0dda4ecadbd.zip" date="2025-09-02T14:09:28.182" /><!-- duration: 91ms -->
    </step><!-- duration: 899ms -->
    <step title="Start deployment in the background" date="2025-09-02T14:09:29.126" >
      <step title="Acquiring Deployment Lock" date="2025-09-02T14:09:29.249" /><!-- duration: 89ms -->
      <step title="Acquired Deployment Lock" date="2025-09-02T14:09:29.530" /><!-- duration: 10ms -->
    </step><!-- duration: 743ms -->
  </step><!-- duration: 2310ms -->
  <step title="Outgoing response" date="2025-09-02T14:09:29.939" type="response" statusCode="202" statusText="Accepted" /><!-- duration: 42ms -->
</step><!-- duration: 2949ms -->
