<step title="Incoming Request" date="2025-09-02T14:38:35.860" instance="378edf" url="/api/deployments/latest?deployer=OneDeploy&amp;time=2025-09-02_14-09-29Z" method="GET" type="request" pid="772,1,3" Host="decipherworld-app.scm.azurewebsites.net" User-Agent="GITHUBACTIONS_DeployWebAppToAzure_e3e0cc90f51bd273b88d59801700c10a24014198b431abe6f1e4c8246061ffdf" Authorization="Bas..." Content-Type="application/json; charset=utf-8" Cookie="ARRAffinity=378edfce271436517950788fe4512f9ff5f554211c9bdccd63796f2a24a09e02;Path=/;HttpOnly;Secure;Domain=decipherworld-app.scm.azurewebsites.net; ARRAffinitySameSite=378edfce271436517950788fe4512f9ff5f554211c9bdccd63796f2a24a09e02;Path=/;HttpOnly;SameSite=None;Secure;Domain=decipherworld-app.scm.azurewebsites.net" Content-Length="0" X-ARR-LOG-ID="f4b387ae-5b81-49c6-ab66-3976f2d06662" CLIENT-IP="4.227.173.121:4162" X-SITE-DEPLOYMENT-ID="decipherworld-app" WAS-DEFAULT-HOSTNAME="decipherworld-app.scm.azurewebsites.net" X-Forwarded-Proto="https" X-AppService-Proto="https" X-Forwarded-TlsVersion="1.3" X-WAWS-Unencoded-URL="/api/deployments/latest?deployer=OneDeploy&amp;time=2025-09-02_14-09-29Z" X-Client-IP="4.227.173.121" X-Client-Port="4162" >
  <step title="Cleanup Xml Logs" date="2025-09-02T14:38:35.870" >
    <step title="Cleanup Infos" date="2025-09-02T14:38:35.912" totalFiles="290" totalCleanup="130" /><!-- duration: 12ms -->
  </step><!-- duration: 65ms -->
  <step title="DeploymentService.GetResult" date="2025-09-02T14:38:35.956" >
    <step title="DeploymentService.GetLatestDeployment" date="2025-09-02T14:38:35.962" >
      <step title="DeploymentManager.GetResults" date="2025-09-02T14:38:35.966" /><!-- duration: 241ms -->
    </step><!-- duration: 254ms -->
  </step><!-- duration: 270ms -->
  <step title="Outgoing response" date="2025-09-02T14:38:36.231" type="response" statusCode="202" statusText="Accepted" /><!-- duration: 9ms -->
</step><!-- duration: 383ms -->
