<step title="Incoming Request" date="2025-09-02T14:51:03.723" instance="378edf" url="/api/deployments/latest?deployer=OneDeploy&amp;time=2025-09-02_14-49-25Z" method="GET" type="request" pid="772,1,15" Host="decipherworld-app.scm.azurewebsites.net" User-Agent="GITHUBACTIONS_DeployWebAppToAzure_e3e0cc90f51bd273b88d59801700c10a24014198b431abe6f1e4c8246061ffdf" Authorization="Bas..." Content-Type="application/json; charset=utf-8" Cookie="ARRAffinity=378edfce271436517950788fe4512f9ff5f554211c9bdccd63796f2a24a09e02;Path=/;HttpOnly;Secure;Domain=decipherworld-app.scm.azurewebsites.net; ARRAffinitySameSite=378edfce271436517950788fe4512f9ff5f554211c9bdccd63796f2a24a09e02;Path=/;HttpOnly;SameSite=None;Secure;Domain=decipherworld-app.scm.azurewebsites.net" Content-Length="0" X-ARR-LOG-ID="f99dc735-eafd-4250-8af6-7c5c25faaf7a" CLIENT-IP="172.182.225.193:8194" X-SITE-DEPLOYMENT-ID="decipherworld-app" WAS-DEFAULT-HOSTNAME="decipherworld-app.scm.azurewebsites.net" X-Forwarded-Proto="https" X-AppService-Proto="https" X-Forwarded-TlsVersion="1.3" X-WAWS-Unencoded-URL="/api/deployments/latest?deployer=OneDeploy&amp;time=2025-09-02_14-49-25Z" X-Client-IP="172.182.225.193" X-Client-Port="8194" >
  <step title="Cleanup Xml Logs" date="2025-09-02T14:51:03.733" >
    <step title="Cleanup Infos" date="2025-09-02T14:51:03.746" totalFiles="324" totalCleanup="164" /><!-- duration: 8ms -->
  </step><!-- duration: 24ms -->
  <step title="DeploymentService.GetResult" date="2025-09-02T14:51:03.765" >
    <step title="DeploymentService.GetLatestDeployment" date="2025-09-02T14:51:03.768" >
      <step title="DeploymentManager.GetResults" date="2025-09-02T14:51:03.772" /><!-- duration: 547ms -->
    </step><!-- duration: 599ms -->
  </step><!-- duration: 625ms -->
  <step title="Outgoing response" date="2025-09-02T14:51:04.409" type="response" statusCode="202" statusText="Accepted" /><!-- duration: 10ms -->
</step><!-- duration: 706ms -->
