<step title="Incoming Request" date="2025-09-02T14:49:32.189" instance="378edf" url="/api/deployments/latest?deployer=OneDeploy&amp;time=2025-09-02_14-49-25Z" method="GET" type="request" pid="772,1,5" Host="decipherworld-app.scm.azurewebsites.net" User-Agent="GITHUBACTIONS_DeployWebAppToAzure_e3e0cc90f51bd273b88d59801700c10a24014198b431abe6f1e4c8246061ffdf" Authorization="Bas..." Content-Type="application/json; charset=utf-8" Cookie="ARRAffinity=378edfce271436517950788fe4512f9ff5f554211c9bdccd63796f2a24a09e02;Path=/;HttpOnly;Secure;Domain=decipherworld-app.scm.azurewebsites.net; ARRAffinitySameSite=378edfce271436517950788fe4512f9ff5f554211c9bdccd63796f2a24a09e02;Path=/;HttpOnly;SameSite=None;Secure;Domain=decipherworld-app.scm.azurewebsites.net" Content-Length="0" X-ARR-LOG-ID="706668a9-3979-4936-9dde-2daab185a271" CLIENT-IP="172.182.225.193:8193" X-SITE-DEPLOYMENT-ID="decipherworld-app" WAS-DEFAULT-HOSTNAME="decipherworld-app.scm.azurewebsites.net" X-Forwarded-Proto="https" X-AppService-Proto="https" X-Forwarded-TlsVersion="1.3" X-WAWS-Unencoded-URL="/api/deployments/latest?deployer=OneDeploy&amp;time=2025-09-02_14-49-25Z" X-Client-IP="172.182.225.193" X-Client-Port="8193" >
  <step title="Cleanup Xml Logs" date="2025-09-02T14:49:32.192" >
    <step title="Cleanup Infos" date="2025-09-02T14:49:32.240" totalFiles="312" totalCleanup="152" /><!-- duration: 38ms -->
  </step><!-- duration: 126ms -->
  <step title="DeploymentService.GetResult" date="2025-09-02T14:49:32.390" >
    <step title="DeploymentService.GetLatestDeployment" date="2025-09-02T14:49:32.411" >
      <step title="DeploymentManager.GetResults" date="2025-09-02T14:49:32.431" /><!-- duration: 681ms -->
    </step><!-- duration: 720ms -->
  </step><!-- duration: 781ms -->
  <step title="Outgoing response" date="2025-09-02T14:49:33.201" type="response" statusCode="202" statusText="Accepted" /><!-- duration: 12ms -->
</step><!-- duration: 1045ms -->
