<step title="Incoming Request" date="2025-09-02T16:01:06.921" instance="378edf" url="/api/deployments/latest?deployer=OneDeploy&amp;time=2025-09-02_16-00-52Z" method="GET" type="request" pid="772,1,66" Host="decipherworld-app.scm.azurewebsites.net" User-Agent="GITHUBACTIONS_DeployWebAppToAzure_e3e0cc90f51bd273b88d59801700c10a24014198b431abe6f1e4c8246061ffdf" Authorization="Bas..." Content-Type="application/json; charset=utf-8" Cookie="ARRAffinity=378edfce271436517950788fe4512f9ff5f554211c9bdccd63796f2a24a09e02;Path=/;HttpOnly;Secure;Domain=decipherworld-app.scm.azurewebsites.net; ARRAffinitySameSite=378edfce271436517950788fe4512f9ff5f554211c9bdccd63796f2a24a09e02;Path=/;HttpOnly;SameSite=None;Secure;Domain=decipherworld-app.scm.azurewebsites.net" Content-Length="0" X-ARR-LOG-ID="0b67ba2a-2171-4e95-9a07-0814c8645bbe" CLIENT-IP="172.208.127.250:13376" X-SITE-DEPLOYMENT-ID="decipherworld-app" WAS-DEFAULT-HOSTNAME="decipherworld-app.scm.azurewebsites.net" X-Forwarded-Proto="https" X-AppService-Proto="https" X-Forwarded-TlsVersion="1.3" X-WAWS-Unencoded-URL="/api/deployments/latest?deployer=OneDeploy&amp;time=2025-09-02_16-00-52Z" X-Client-IP="172.208.127.250" X-Client-Port="13376" >
  <step title="Cleanup Xml Logs" date="2025-09-02T16:01:06.931" >
    <step title="Cleanup Infos" date="2025-09-02T16:01:06.982" totalFiles="359" totalCleanup="199" /><!-- duration: 27ms -->
  </step><!-- duration: 87ms -->
  <step title="DeploymentService.GetResult" date="2025-09-02T16:01:07.051" >
    <step title="DeploymentService.GetLatestDeployment" date="2025-09-02T16:01:07.069" >
      <step title="DeploymentManager.GetResults" date="2025-09-02T16:01:07.080" /><!-- duration: 925ms -->
    </step><!-- duration: 973ms -->
  </step><!-- duration: 1023ms -->
  <step title="Outgoing response" date="2025-09-02T16:01:08.113" type="response" statusCode="202" statusText="Accepted" /><!-- duration: 22ms -->
</step><!-- duration: 1233ms -->
