<step title="BackgroundTrace" date="2025-09-02T16:00:51.835" instance="378edf" url="/api/publish" method="POST" >
  <step title="Creating temporary deployment - FetchDeploymentManager" date="2025-09-02T16:00:51.917" /><!-- duration: 3ms -->
  <step title="Creating temporary deployment" date="2025-09-02T16:00:51.925" /><!-- duration: 106ms -->
  <step title="Performing fetch based deployment" date="2025-09-02T16:00:52.067" >
    <step title="Cleaning up temp folders from previous zip deployments and extracting pushed zip file /tmp/zipdeploy/ff2e4ce4-8fc0-4b89-98f3-8dcd16f18ef0.zip (1.51 MB) to /tmp/zipdeploy/extracted" date="2025-09-02T16:00:53.285" >
      <step title="ChmodRecursive Process exited with total time taken in ms: 135" date="2025-09-02T16:00:53.764" /><!-- duration: 4ms -->
    </step><!-- duration: 486ms -->
    <step title="Deployment timer started" date="2025-09-02T16:00:55.791" >
      <step title="DeploymentManager.Deploy(id:8fde9c76-86ab-4102-a42f-c70157f8171b)" date="2025-09-02T16:00:55.803" >
        <step title="Collecting changeset information" date="2025-09-02T16:00:55.862" /><!-- duration: 92ms -->
        <step title="Updating submodules" date="2025-09-02T16:00:55.962" /><!-- duration: 1171ms -->
        <step title="Determining deployment builder" date="2025-09-02T16:00:57.354" >
          <step title="Builder is OryxBuilder" date="2025-09-02T16:00:57.379" /><!-- duration: 4ms -->
        </step><!-- duration: 37ms -->
        <step title="PreDeployment: context.CleanOutputPath False" date="2025-09-02T16:00:57.462" >
          <step title="PreDeployment: context.OutputPath /home/site/wwwroot" date="2025-09-02T16:00:57.632" >
            <step title="Building" date="2025-09-02T16:00:57.797" >
              <step title="Executing external process" date="2025-09-02T16:00:58.152" type="process" path="bash" arguments="-c &quot;oryx build /tmp/zipdeploy/extracted -o /home/site/wwwroot --platform python --platform-version 3.11 -p virtualenv_name=antenv --log-file /tmp/build-debug.log  -i /tmp/8ddea39e779e6b6 --compress-destination-dir | tee /tmp/oryx-build.log ; exit $PIPESTATUS &quot;" /><!-- duration: 118080ms -->
              <step title="Using PythonDeploymentLogParser" date="2025-09-02T16:02:56.681" /><!-- duration: 27ms -->
              <step title="Modified file to trigger a restart of the app container." date="2025-09-02T16:02:58.258" /><!-- duration: 5ms -->
              <step title="Skip function trigger and logicapp sync because function is not enabled." date="2025-09-02T16:02:58.269" /><!-- duration: 5ms -->
              <step title="Purge deployment items" date="2025-09-02T16:02:59.206" >
                <step title="Remove temp-02e5, Pending, received at 09/02/2025 16:00:51" date="2025-09-02T16:02:59.266" /><!-- duration: 6ms -->
              </step><!-- duration: 70ms -->
            </step><!-- duration: 121582ms -->
          </step><!-- duration: 121752ms -->
          <step title="Cleaning up temp files" date="2025-09-02T16:02:59.387" /><!-- duration: 2861ms -->
          <step title="Cleaning up temp files" date="2025-09-02T16:03:02.252" /><!-- duration: 510ms -->
          <step title="Reloading status file with latest updates" date="2025-09-02T16:03:02.816" >
            <step title="WebHooksManager.PublishEventAsync: PostDeployment" date="2025-09-02T16:03:02.821" /><!-- duration: 64ms -->
          </step><!-- duration: 74ms -->
          <step title="Cleaning up temporary deployment - fetch deployment was successful" date="2025-09-02T16:03:02.895" /><!-- duration: 3ms -->
        </step><!-- duration: 125474ms -->
      </step><!-- duration: 127149ms -->
