<step title="BackgroundTrace" date="2025-09-02T14:49:24.796" instance="378edf" url="/api/publish" method="POST" >
  <step title="Cleanup Xml Logs" date="2025-09-02T14:49:24.815" >
    <step title="Cleanup Infos" date="2025-09-02T14:49:24.859" totalFiles="310" totalCleanup="150" /><!-- duration: 29ms -->
  </step><!-- duration: 84ms -->
  <step title="Creating temporary deployment - FetchDeploymentManager" date="2025-09-02T14:49:25.025" /><!-- duration: 4ms -->
  <step title="Creating temporary deployment" date="2025-09-02T14:49:25.038" /><!-- duration: 129ms -->
  <step title="Performing fetch based deployment" date="2025-09-02T14:49:25.290" >
    <step title="Cleaning up temp folders from previous zip deployments and extracting pushed zip file /tmp/zipdeploy/ca4bd4d8-33fb-4578-8e59-18acfa95870c.zip (1.51 MB) to /tmp/zipdeploy/extracted" date="2025-09-02T14:49:26.598" >
      <step title="ChmodRecursive Process exited with total time taken in ms: 280" date="2025-09-02T14:49:27.153" /><!-- duration: 27ms -->
    </step><!-- duration: 632ms -->
    <step title="Deployment timer started" date="2025-09-02T14:49:29.364" >
      <step title="DeploymentManager.Deploy(id:5d5b04ce-6642-4753-bbdd-f483f9c4e7bd)" date="2025-09-02T14:49:29.378" >
        <step title="Collecting changeset information" date="2025-09-02T14:49:29.536" /><!-- duration: 212ms -->
        <step title="Updating submodules" date="2025-09-02T14:49:29.795" /><!-- duration: 1199ms -->
        <step title="Determining deployment builder" date="2025-09-02T14:49:31.257" >
          <step title="Builder is OryxBuilder" date="2025-09-02T14:49:31.336" /><!-- duration: 22ms -->
        </step><!-- duration: 122ms -->
        <step title="PreDeployment: context.CleanOutputPath False" date="2025-09-02T14:49:31.471" >
          <step title="PreDeployment: context.OutputPath /home/site/wwwroot" date="2025-09-02T14:49:31.667" >
            <step title="Building" date="2025-09-02T14:49:32.017" >
              <step title="Executing external process" date="2025-09-02T14:49:33.665" type="process" path="bash" arguments="-c &quot;oryx build /tmp/zipdeploy/extracted -o /home/site/wwwroot --platform python --platform-version 3.11 -p virtualenv_name=antenv --log-file /tmp/build-debug.log  -i /tmp/8ddea2fecd1868a --compress-destination-dir | tee /tmp/oryx-build.log ; exit $PIPESTATUS &quot;" /><!-- duration: 141330ms -->
              <step title="Using PythonDeploymentLogParser" date="2025-09-02T14:51:55.482" /><!-- duration: 11ms -->
              <step title="Modified file to trigger a restart of the app container." date="2025-09-02T14:51:56.715" /><!-- duration: 6ms -->
              <step title="Skip function trigger and logicapp sync because function is not enabled." date="2025-09-02T14:51:56.746" /><!-- duration: 8ms -->
              <step title="Purge deployment items" date="2025-09-02T14:51:57.557" >
                <step title="Remove temp-ec0b, Pending, received at 09/02/2025 14:49:25" date="2025-09-02T14:51:57.614" /><!-- duration: 4ms -->
                <step title="Remove temp-87a3, Failed, received at 09/02/2025 14:09:29" date="2025-09-02T14:51:57.677" /><!-- duration: 4ms -->
                <step title="Remove 2c2c440e-, Failed, received at 09/02/2025 13:25:15" date="2025-09-02T14:51:57.747" /><!-- duration: 6ms -->
              </step><!-- duration: 200ms -->
            </step><!-- duration: 145797ms -->
          </step><!-- duration: 146152ms -->
          <step title="Cleaning up temp files" date="2025-09-02T14:51:57.823" /><!-- duration: 2675ms -->
          <step title="Cleaning up temp files" date="2025-09-02T14:52:00.509" /><!-- duration: 521ms -->
          <step title="Reloading status file with latest updates" date="2025-09-02T14:52:01.057" >
            <step title="WebHooksManager.PublishEventAsync: PostDeployment" date="2025-09-02T14:52:01.062" /><!-- duration: 87ms -->
          </step><!-- duration: 96ms -->
          <step title="Cleaning up temporary deployment - fetch deployment was successful" date="2025-09-02T14:52:01.163" /><!-- duration: 4ms -->
        </step><!-- duration: 149752ms -->
      </step><!-- duration: 151866ms -->
