<step title="Incoming Request" date="2025-09-03T01:08:03.161" instance="378edf" url="/api/publish?async=true&amp;deployer=GITHUB_ONE_DEPLOY&amp;type=zip&amp;message=%7B%22type%22%3A%22deployment%22%2C%22sha%22%3A%22b5d3f0675ba232cd3f0bca1e235bc14b7e9e48e5%22%2C%22repoName%22%3A%22jatinbhagat%2Fdecipherworld%22%2C%22actor%22%3A%22jatinbhagat%22%2C%22slotName%22%3A%22Production%22%2C%22commitMessage%22%3A%22Fix%20Django%20template%20500%20error%3A%20Move%20%7B%25%20load%20static%20%25%7D%20to%20top%5Cn%5Cn%F0%9F%90%9B%20Bug%20Fix%3A%5Cn-%20Move%20%7B%25%20load%20static%20%25%7D%20tag%20before%20its%20usage%20in%20base.html%5Cn-%20Resolves%20TemplateSyntaxError%3A%20Invalid%20block%20tag%20%27static%27%5Cn-%20Fixes%20500%20server%20error%20after%20Tailwind%20CSS%20migration%5Cn%5Cn%E2%9C%85%20Template%20loads%20correctly%20with%20local%20CSS%20files%22%7D" method="POST" type="request" pid="772,1,43" Host="decipherworld-app.scm.azurewebsites.net" User-Agent="GITHUBACTIONS_DeployWebAppToAzure_e3e0cc90f51bd273b88d59801700c10a24014198b431abe6f1e4c8246061ffdf" Authorization="Bas..." Content-Type="application/octet-stream" Cookie="ARRAffinity=378edfce271436517950788fe4512f9ff5f554211c9bdccd63796f2a24a09e02;Path=/;HttpOnly;Secure;Domain=decipherworld-app.scm.azurewebsites.net; ARRAffinitySameSite=378edfce271436517950788fe4512f9ff5f554211c9bdccd63796f2a24a09e02;Path=/;HttpOnly;SameSite=None;Secure;Domain=decipherworld-app.scm.azurewebsites.net" Transfer-Encoding="chunked" X-ARR-LOG-ID="c565c076-22c2-44bc-b5ec-b417ecd8c6b4" CLIENT-IP="20.161.71.48:27584" X-SITE-DEPLOYMENT-ID="decipherworld-app" WAS-DEFAULT-HOSTNAME="decipherworld-app.scm.azurewebsites.net" X-Forwarded-Proto="https" X-AppService-Proto="https" X-Forwarded-TlsVersion="1.3" X-WAWS-Unencoded-URL="/api/publish?async=true&amp;deployer=GITHUB_ONE_DEPLOY&amp;type=zip&amp;message=%7B%22type%22%3A%22deployment%22%2C%22sha%22%3A%22b5d3f0675ba232cd3f0bca1e235bc14b7e9e48e5%22%2C%22repoName%22%3A%22jatinbhagat%2Fdecipherworld%22%2C%22actor%22%3A%22jatinbhagat%22%2C%22slotName%22%3A%22Production%22%2C%22commitMessage%22%3A%22Fix%20Django%20template%20500%20error%3A%20Move%20%7B%25%20load%20static%20%25%7D%20to%20top%5Cn%5Cn%F0%9F%90%9B%20Bug%20Fix%3A%5Cn-%20Move%20%7B%25%20load%20static%20%25%7D%20tag%20before%20its%20usage%20in%20base.html%5Cn-%20Resolves%20TemplateSyntaxError%3A%20Invalid%20block%20tag%20%27static%27%5Cn-%20Fixes%20500%20server%20error%20after%20Tailwind%20CSS%20migration%5Cn%5Cn%E2%9C%85%20Template%20loads%20correctly%20with%20local%20CSS%20files%22%7D" X-Client-IP="20.161.71.48" X-Client-Port="27584" >
  <step title="OneDeploy" date="2025-09-03T01:08:03.401" >
    <step title="Starting PushDeployAsync" date="2025-09-03T01:08:03.474" /><!-- duration: 29ms -->
    <step title="Writing artifact to /tmp/zipdeploy/abf35a7f-7ece-4d58-bc0b-05e865f83704.zip" date="2025-09-03T01:08:03.594" >
      <step title="Writing multipart request body to /tmp/zipdeploy/abf35a7f-7ece-4d58-bc0b-05e865f83704.zip" date="2025-09-03T01:08:03.625" /><!-- duration: 38ms -->
    </step><!-- duration: 571ms -->
    <step title="Removing previous build artifact&apos;s manifest file" date="2025-09-03T01:08:04.216" >
      <step title="Start deployment in the background" date="2025-09-03T01:08:04.318" >
        <step title="Acquiring Deployment Lock" date="2025-09-03T01:08:04.429" /><!-- duration: 11ms -->
        <step title="Acquired Deployment Lock" date="2025-09-03T01:08:04.531" /><!-- duration: 10ms -->
      </step><!-- duration: 367ms -->
    </step><!-- duration: 517ms -->
    <step title="Outgoing response" date="2025-09-03T01:08:04.739" type="response" statusCode="202" statusText="Accepted" /><!-- duration: 6ms -->
  </step><!-- duration: 1348ms -->
