<step title="Incoming Request" date="2025-09-03T00:58:21.828" instance="378edf" url="/api/publish?async=true&amp;deployer=GITHUB_ONE_DEPLOY&amp;type=zip&amp;message=%7B%22type%22%3A%22deployment%22%2C%22sha%22%3A%22d0e526efb9bed427624fe347327cfff3c5ad91b0%22%2C%22repoName%22%3A%22jatinbhagat%2Fdecipherworld%22%2C%22actor%22%3A%22jatinbhagat%22%2C%22slotName%22%3A%22Production%22%2C%22commitMessage%22%3A%22index%20css%22%7D" method="POST" type="request" pid="772,1,41" Host="decipherworld-app.scm.azurewebsites.net" User-Agent="GITHUBACTIONS_DeployWebAppToAzure_e3e0cc90f51bd273b88d59801700c10a24014198b431abe6f1e4c8246061ffdf" Authorization="Bas..." Content-Type="application/octet-stream" Cookie="ARRAffinity=378edfce271436517950788fe4512f9ff5f554211c9bdccd63796f2a24a09e02;Path=/;HttpOnly;Secure;Domain=decipherworld-app.scm.azurewebsites.net; ARRAffinitySameSite=378edfce271436517950788fe4512f9ff5f554211c9bdccd63796f2a24a09e02;Path=/;HttpOnly;SameSite=None;Secure;Domain=decipherworld-app.scm.azurewebsites.net" Transfer-Encoding="chunked" X-ARR-LOG-ID="a0fc6207-2d50-4614-91e6-e346d61a2a9f" CLIENT-IP="64.236.176.146:48128" X-SITE-DEPLOYMENT-ID="decipherworld-app" WAS-DEFAULT-HOSTNAME="decipherworld-app.scm.azurewebsites.net" X-Forwarded-Proto="https" X-AppService-Proto="https" X-Forwarded-TlsVersion="1.3" X-WAWS-Unencoded-URL="/api/publish?async=true&amp;deployer=GITHUB_ONE_DEPLOY&amp;type=zip&amp;message=%7B%22type%22%3A%22deployment%22%2C%22sha%22%3A%22d0e526efb9bed427624fe347327cfff3c5ad91b0%22%2C%22repoName%22%3A%22jatinbhagat%2Fdecipherworld%22%2C%22actor%22%3A%22jatinbhagat%22%2C%22slotName%22%3A%22Production%22%2C%22commitMessage%22%3A%22index%20css%22%7D" X-Client-IP="64.236.176.146" X-Client-Port="48128" >
  <step title="OneDeploy" date="2025-09-03T00:58:21.860" >
    <step title="Starting PushDeployAsync" date="2025-09-03T00:58:21.911" /><!-- duration: 28ms -->
    <step title="Writing artifact to /tmp/zipdeploy/ff3a0079-d212-4fd6-a239-cc5ab34abbb0.zip" date="2025-09-03T00:58:21.991" >
      <step title="Writing multipart request body to /tmp/zipdeploy/ff3a0079-d212-4fd6-a239-cc5ab34abbb0.zip" date="2025-09-03T00:58:22.011" /><!-- duration: 17ms -->
    </step><!-- duration: 1145ms -->
    <step title="Removing previous build artifact&apos;s manifest file" date="2025-09-03T00:58:23.215" >
      <step title="Start deployment in the background" date="2025-09-03T00:58:23.248" >
        <step title="Acquiring Deployment Lock" date="2025-09-03T00:58:23.307" /><!-- duration: 19ms -->
        <step title="Acquired Deployment Lock" date="2025-09-03T00:58:23.437" /><!-- duration: 19ms -->
      </step><!-- duration: 470ms -->
    </step><!-- duration: 534ms -->
    <step title="Outgoing response" date="2025-09-03T00:58:23.761" type="response" statusCode="202" statusText="Accepted" /><!-- duration: 10ms -->
  </step><!-- duration: 1921ms -->
