<step title="Incoming Request" date="2025-09-03T00:23:53.266" instance="378edf" url="/api/deployments/latest?deployer=OneDeploy&amp;time=2025-09-03_00-21-57Z" method="GET" type="request" pid="772,1,48" Host="decipherworld-app.scm.azurewebsites.net" User-Agent="GITHUBACTIONS_DeployWebAppToAzure_e3e0cc90f51bd273b88d59801700c10a24014198b431abe6f1e4c8246061ffdf" Authorization="Bas..." Content-Type="application/json; charset=utf-8" Cookie="ARRAffinity=378edfce271436517950788fe4512f9ff5f554211c9bdccd63796f2a24a09e02;Path=/;HttpOnly;Secure;Domain=decipherworld-app.scm.azurewebsites.net; ARRAffinitySameSite=378edfce271436517950788fe4512f9ff5f554211c9bdccd63796f2a24a09e02;Path=/;HttpOnly;SameSite=None;Secure;Domain=decipherworld-app.scm.azurewebsites.net" Content-Length="0" X-ARR-LOG-ID="c0f85393-497e-4357-b1dc-87daa3277c37" CLIENT-IP="52.159.247.51:28698" X-SITE-DEPLOYMENT-ID="decipherworld-app" WAS-DEFAULT-HOSTNAME="decipherworld-app.scm.azurewebsites.net" X-Forwarded-Proto="https" X-AppService-Proto="https" X-Forwarded-TlsVersion="1.3" X-WAWS-Unencoded-URL="/api/deployments/latest?deployer=OneDeploy&amp;time=2025-09-03_00-21-57Z" X-Client-IP="52.159.247.51" X-Client-Port="28698" >
  <step title="Cleanup Xml Logs" date="2025-09-03T00:23:53.285" >
    <step title="Cleanup Infos" date="2025-09-03T00:23:53.316" totalFiles="417" totalCleanup="257" /><!-- duration: 8ms -->
  </step><!-- duration: 46ms -->
  <step title="DeploymentService.GetResult" date="2025-09-03T00:23:53.348" >
    <step title="DeploymentService.GetLatestDeployment" date="2025-09-03T00:23:53.366" >
      <step title="DeploymentManager.GetResults" date="2025-09-03T00:23:53.408" /><!-- duration: 441ms -->
    </step><!-- duration: 487ms -->
  </step><!-- duration: 509ms -->
  <step title="Outgoing response" date="2025-09-03T00:23:53.860" type="response" statusCode="202" statusText="Accepted" /><!-- duration: 5ms -->
</step><!-- duration: 602ms -->
