<step title="BackgroundTrace" date="2025-09-02T14:52:41.239" instance="378edf" url="/api/publish" method="POST" >
  <step title="Creating temporary deployment - FetchDeploymentManager" date="2025-09-02T14:52:41.314" /><!-- duration: 2ms -->
  <step title="Creating temporary deployment" date="2025-09-02T14:52:41.321" /><!-- duration: 54ms -->
  <step title="Performing fetch based deployment" date="2025-09-02T14:52:41.402" >
    <step title="Cleaning up temp folders from previous zip deployments and extracting pushed zip file /tmp/zipdeploy/211fa557-dd3a-4755-9112-86a58027fb16.zip (1.51 MB) to /tmp/zipdeploy/extracted" date="2025-09-02T14:52:42.844" >
      <step title="ChmodRecursive Process exited with total time taken in ms: 72" date="2025-09-02T14:52:43.124" /><!-- duration: 9ms -->
    </step><!-- duration: 293ms -->
    <step title="Deployment timer started" date="2025-09-02T14:52:45.150" >
      <step title="DeploymentManager.Deploy(id:4ba14a00-d0fc-4127-8f7f-a2dd202f886c)" date="2025-09-02T14:52:45.211" >
        <step title="Collecting changeset information" date="2025-09-02T14:52:45.292" /><!-- duration: 140ms -->
        <step title="Updating submodules" date="2025-09-02T14:52:45.438" /><!-- duration: 1167ms -->
        <step title="Determining deployment builder" date="2025-09-02T14:52:46.857" >
          <step title="Builder is OryxBuilder" date="2025-09-02T14:52:46.907" /><!-- duration: 4ms -->
        </step><!-- duration: 59ms -->
        <step title="PreDeployment: context.CleanOutputPath False" date="2025-09-02T14:52:46.974" >
          <step title="PreDeployment: context.OutputPath /home/site/wwwroot" date="2025-09-02T14:52:47.131" >
            <step title="Building" date="2025-09-02T14:52:47.287" >
              <step title="Executing external process" date="2025-09-02T14:52:47.582" type="process" path="bash" arguments="-c &quot;oryx build /tmp/zipdeploy/extracted -o /home/site/wwwroot --platform python --platform-version 3.11 -p virtualenv_name=antenv --log-file /tmp/build-debug.log  -i /tmp/8ddea30615ceb71 --compress-destination-dir | tee /tmp/oryx-build.log ; exit $PIPESTATUS &quot;" /><!-- duration: 95896ms -->
              <step title="Using PythonDeploymentLogParser" date="2025-09-02T14:54:23.871" /><!-- duration: 4ms -->
              <step title="Modified file to trigger a restart of the app container." date="2025-09-02T14:54:25.005" /><!-- duration: 7ms -->
              <step title="Skip function trigger and logicapp sync because function is not enabled." date="2025-09-02T14:54:25.016" /><!-- duration: 6ms -->
              <step title="Purge deployment items" date="2025-09-02T14:54:25.808" >
                <step title="Remove temp-2e8b, Pending, received at 09/02/2025 14:52:41" date="2025-09-02T14:54:25.865" /><!-- duration: 5ms -->
              </step><!-- duration: 67ms -->
            </step><!-- duration: 98731ms -->
          </step><!-- duration: 98926ms -->
          <step title="Cleaning up temp files" date="2025-09-02T14:54:26.067" /><!-- duration: 2982ms -->
          <step title="Cleaning up temp files" date="2025-09-02T14:54:29.061" /><!-- duration: 539ms -->
          <step title="Reloading status file with latest updates" date="2025-09-02T14:54:29.681" >
            <step title="WebHooksManager.PublishEventAsync: PostDeployment" date="2025-09-02T14:54:29.709" /><!-- duration: 93ms -->
          </step><!-- duration: 135ms -->
          <step title="Cleaning up temporary deployment - fetch deployment was successful" date="2025-09-02T14:54:29.822" /><!-- duration: 4ms -->
        </step><!-- duration: 102913ms -->
      </step><!-- duration: 104696ms -->
