<step title="Incoming Request" date="2025-09-03T00:22:13.715" instance="378edf" url="/api/deployments/latest?deployer=OneDeploy&amp;time=2025-09-03_00-21-57Z" method="GET" type="request" pid="772,1,49" Host="decipherworld-app.scm.azurewebsites.net" User-Agent="GITHUBACTIONS_DeployWebAppToAzure_e3e0cc90f51bd273b88d59801700c10a24014198b431abe6f1e4c8246061ffdf" Authorization="Bas..." Content-Type="application/json; charset=utf-8" Cookie="ARRAffinity=378edfce271436517950788fe4512f9ff5f554211c9bdccd63796f2a24a09e02;Path=/;HttpOnly;Secure;Domain=decipherworld-app.scm.azurewebsites.net; ARRAffinitySameSite=378edfce271436517950788fe4512f9ff5f554211c9bdccd63796f2a24a09e02;Path=/;HttpOnly;SameSite=None;Secure;Domain=decipherworld-app.scm.azurewebsites.net" Content-Length="0" X-ARR-LOG-ID="b5fac16d-86e6-4b2b-8e59-865c01490f42" CLIENT-IP="52.159.247.51:28696" X-SITE-DEPLOYMENT-ID="decipherworld-app" WAS-DEFAULT-HOSTNAME="decipherworld-app.scm.azurewebsites.net" X-Forwarded-Proto="https" X-AppService-Proto="https" X-Forwarded-TlsVersion="1.3" X-WAWS-Unencoded-URL="/api/deployments/latest?deployer=OneDeploy&amp;time=2025-09-03_00-21-57Z" X-Client-IP="52.159.247.51" X-Client-Port="28696" >
  <step title="Cleanup Xml Logs" date="2025-09-03T00:22:13.736" >
    <step title="Cleanup Infos" date="2025-09-03T00:22:13.854" totalFiles="404" totalCleanup="244" /><!-- duration: 152ms -->
  </step><!-- duration: 319ms -->
  <step title="DeploymentService.GetResult" date="2025-09-03T00:22:14.215" >
    <step title="DeploymentService.GetLatestDeployment" date="2025-09-03T00:22:14.246" >
      <step title="DeploymentManager.GetResults" date="2025-09-03T00:22:14.266" /><!-- duration: 1215ms -->
    </step><!-- duration: 1257ms -->
  </step><!-- duration: 1309ms -->
  <step title="Outgoing response" date="2025-09-03T00:22:15.572" type="response" statusCode="202" statusText="Accepted" /><!-- duration: 13ms -->
</step><!-- duration: 1897ms -->
