<step title="BackgroundTrace" date="2025-09-03T00:21:57.218" instance="378edf" url="/api/publish" method="POST" >
  <step title="Creating temporary deployment - FetchDeploymentManager" date="2025-09-03T00:21:57.312" /><!-- duration: 5ms -->
  <step title="Creating temporary deployment" date="2025-09-03T00:21:57.328" /><!-- duration: 77ms -->
  <step title="Performing fetch based deployment" date="2025-09-03T00:21:57.450" >
    <step title="Cleaning up temp folders from previous zip deployments and extracting pushed zip file /tmp/zipdeploy/37fedcf2-38aa-486e-9eaa-64e988ee39e9.zip (1.50 MB) to /tmp/zipdeploy/extracted" date="2025-09-03T00:21:58.815" >
      <step title="ChmodRecursive Process exited with total time taken in ms: 166" date="2025-09-03T00:21:59.328" /><!-- duration: 6ms -->
    </step><!-- duration: 532ms -->
    <step title="Deployment timer started" date="2025-09-03T00:22:01.399" >
      <step title="DeploymentManager.Deploy(id:8a1aaf39-384a-4cb6-9056-58d9c20ca4dd)" date="2025-09-03T00:22:01.437" >
        <step title="Collecting changeset information" date="2025-09-03T00:22:01.548" /><!-- duration: 591ms -->
        <step title="Updating submodules" date="2025-09-03T00:22:02.167" /><!-- duration: 1457ms -->
        <step title="Determining deployment builder" date="2025-09-03T00:22:04.309" >
          <step title="Builder is OryxBuilder" date="2025-09-03T00:22:04.398" /><!-- duration: 10ms -->
        </step><!-- duration: 160ms -->
        <step title="PreDeployment: context.CleanOutputPath False" date="2025-09-03T00:22:04.641" >
          <step title="PreDeployment: context.OutputPath /home/site/wwwroot" date="2025-09-03T00:22:04.931" >
            <step title="Building" date="2025-09-03T00:22:05.415" >
              <step title="Executing external process" date="2025-09-03T00:22:08.408" type="process" path="bash" arguments="-c &quot;oryx build /tmp/zipdeploy/extracted -o /home/site/wwwroot --platform python --platform-version 3.11 -p virtualenv_name=antenv --log-file /tmp/build-debug.log  -i /tmp/8ddea7fe8de45b7 --compress-destination-dir | tee /tmp/oryx-build.log ; exit $PIPESTATUS &quot;" /><!-- duration: 104473ms -->
              <step title="Using PythonDeploymentLogParser" date="2025-09-03T00:23:53.349" /><!-- duration: 18ms -->
              <step title="Modified file to trigger a restart of the app container." date="2025-09-03T00:23:55.229" /><!-- duration: 3ms -->
              <step title="Skip function trigger and logicapp sync because function is not enabled." date="2025-09-03T00:23:55.247" /><!-- duration: 10ms -->
              <step title="Purge deployment items" date="2025-09-03T00:23:56.158" >
                <step title="Remove temp-7610, Pending, received at 09/03/2025 00:21:57" date="2025-09-03T00:23:56.299" /><!-- duration: 10ms -->
              </step><!-- duration: 160ms -->
            </step><!-- duration: 110995ms -->
          </step><!-- duration: 111485ms -->
          <step title="Cleaning up temp files" date="2025-09-03T00:23:56.419" /><!-- duration: 3347ms -->
          <step title="Cleaning up temp files" date="2025-09-03T00:23:59.797" /><!-- duration: 513ms -->
          <step title="Reloading status file with latest updates" date="2025-09-03T00:24:00.951" >
            <step title="WebHooksManager.PublishEventAsync: PostDeployment" date="2025-09-03T00:24:00.983" /><!-- duration: 100ms -->
          </step><!-- duration: 149ms -->
          <step title="Cleaning up temporary deployment - fetch deployment was successful" date="2025-09-03T00:24:01.131" /><!-- duration: 19ms -->
        </step><!-- duration: 116585ms -->
      </step><!-- duration: 119812ms -->
