<step title="Incoming Request" date="2025-09-03T00:01:28.041" instance="378edf" url="/api/deployments/latest?deployer=OneDeploy&amp;time=2025-09-03_00-01-12Z" method="GET" type="request" pid="772,1,51" Host="decipherworld-app.scm.azurewebsites.net" User-Agent="GITHUBACTIONS_DeployWebAppToAzure_e3e0cc90f51bd273b88d59801700c10a24014198b431abe6f1e4c8246061ffdf" Authorization="Bas..." Content-Type="application/json; charset=utf-8" Cookie="ARRAffinity=378edfce271436517950788fe4512f9ff5f554211c9bdccd63796f2a24a09e02;Path=/;HttpOnly;Secure;Domain=decipherworld-app.scm.azurewebsites.net; ARRAffinitySameSite=378edfce271436517950788fe4512f9ff5f554211c9bdccd63796f2a24a09e02;Path=/;HttpOnly;SameSite=None;Secure;Domain=decipherworld-app.scm.azurewebsites.net" Content-Length="0" X-ARR-LOG-ID="a479f203-1bb0-4580-9d6a-fbc1907c9c2a" CLIENT-IP="172.182.195.224:46080" X-SITE-DEPLOYMENT-ID="decipherworld-app" WAS-DEFAULT-HOSTNAME="decipherworld-app.scm.azurewebsites.net" X-Forwarded-Proto="https" X-AppService-Proto="https" X-Forwarded-TlsVersion="1.3" X-WAWS-Unencoded-URL="/api/deployments/latest?deployer=OneDeploy&amp;time=2025-09-03_00-01-12Z" X-Client-IP="172.182.195.224" X-Client-Port="46080" >
  <step title="Cleanup Xml Logs" date="2025-09-03T00:01:28.059" >
    <step title="Cleanup Infos" date="2025-09-03T00:01:28.148" totalFiles="382" totalCleanup="222" /><!-- duration: 31ms -->
  </step><!-- duration: 141ms -->
  <step title="DeploymentService.GetResult" date="2025-09-03T00:01:28.229" >
    <step title="DeploymentService.GetLatestDeployment" date="2025-09-03T00:01:28.240" >
      <step title="DeploymentManager.GetResults" date="2025-09-03T00:01:28.269" /><!-- duration: 925ms -->
    </step><!-- duration: 1016ms -->
  </step><!-- duration: 1076ms -->
  <step title="Outgoing response" date="2025-09-03T00:01:29.324" type="response" statusCode="202" statusText="Accepted" /><!-- duration: 30ms -->
</step><!-- duration: 1324ms -->
