<step title="Incoming Request" date="2025-09-03T00:55:35.446" instance="378edf" url="/api/deployments/latest?deployer=OneDeploy&amp;time=2025-09-03_00-55-34Z" method="GET" type="request" pid="772,1,38" Host="decipherworld-app.scm.azurewebsites.net" User-Agent="GITHUBACTIONS_DeployWebAppToAzure_e3e0cc90f51bd273b88d59801700c10a24014198b431abe6f1e4c8246061ffdf" Authorization="Bas..." Content-Type="application/json; charset=utf-8" Cookie="ARRAffinity=378edfce271436517950788fe4512f9ff5f554211c9bdccd63796f2a24a09e02;Path=/;HttpOnly;Secure;Domain=decipherworld-app.scm.azurewebsites.net; ARRAffinitySameSite=378edfce271436517950788fe4512f9ff5f554211c9bdccd63796f2a24a09e02;Path=/;HttpOnly;SameSite=None;Secure;Domain=decipherworld-app.scm.azurewebsites.net" Content-Length="0" X-ARR-LOG-ID="e063142d-bfdd-4486-a03a-826860ef0a5e" CLIENT-IP="64.236.160.196:35872" X-SITE-DEPLOYMENT-ID="decipherworld-app" WAS-DEFAULT-HOSTNAME="decipherworld-app.scm.azurewebsites.net" X-Forwarded-Proto="https" X-AppService-Proto="https" X-Forwarded-TlsVersion="1.3" X-WAWS-Unencoded-URL="/api/deployments/latest?deployer=OneDeploy&amp;time=2025-09-03_00-55-34Z" X-Client-IP="64.236.160.196" X-Client-Port="35872" >
  <step title="Cleanup Xml Logs" date="2025-09-03T00:55:35.451" >
    <step title="Cleanup Infos" date="2025-09-03T00:55:35.470" totalFiles="423" totalCleanup="263" /><!-- duration: 7ms -->
  </step><!-- duration: 30ms -->
  <step title="DeploymentService.GetResult" date="2025-09-03T00:55:35.491" >
    <step title="DeploymentService.GetLatestDeployment" date="2025-09-03T00:55:35.495" >
      <step title="DeploymentManager.GetResults" date="2025-09-03T00:55:35.502" /><!-- duration: 491ms -->
    </step><!-- duration: 503ms -->
  </step><!-- duration: 512ms -->
  <step title="Outgoing response" date="2025-09-03T00:55:36.010" type="response" statusCode="202" statusText="Accepted" /><!-- duration: 4ms -->
</step><!-- duration: 572ms -->
