<step title="Incoming Request" date="2025-09-03T00:23:10.057" instance="378edf" url="/api/deployments/latest?deployer=OneDeploy&amp;time=2025-09-03_00-21-57Z" method="GET" type="request" pid="772,1,46" Host="decipherworld-app.scm.azurewebsites.net" User-Agent="GITHUBACTIONS_DeployWebAppToAzure_e3e0cc90f51bd273b88d59801700c10a24014198b431abe6f1e4c8246061ffdf" Authorization="Bas..." Content-Type="application/json; charset=utf-8" Cookie="ARRAffinity=378edfce271436517950788fe4512f9ff5f554211c9bdccd63796f2a24a09e02;Path=/;HttpOnly;Secure;Domain=decipherworld-app.scm.azurewebsites.net; ARRAffinitySameSite=378edfce271436517950788fe4512f9ff5f554211c9bdccd63796f2a24a09e02;Path=/;HttpOnly;SameSite=None;Secure;Domain=decipherworld-app.scm.azurewebsites.net" Content-Length="0" X-ARR-LOG-ID="1df6e464-4d18-4f3d-92a4-8093f510eec1" CLIENT-IP="52.159.247.51:28698" X-SITE-DEPLOYMENT-ID="decipherworld-app" WAS-DEFAULT-HOSTNAME="decipherworld-app.scm.azurewebsites.net" X-Forwarded-Proto="https" X-AppService-Proto="https" X-Forwarded-TlsVersion="1.3" X-WAWS-Unencoded-URL="/api/deployments/latest?deployer=OneDeploy&amp;time=2025-09-03_00-21-57Z" X-Client-IP="52.159.247.51" X-Client-Port="28698" >
  <step title="Cleanup Xml Logs" date="2025-09-03T00:23:10.078" >
    <step title="Cleanup Infos" date="2025-09-03T00:23:10.166" totalFiles="411" totalCleanup="251" /><!-- duration: 52ms -->
  </step><!-- duration: 170ms -->
  <step title="DeploymentService.GetResult" date="2025-09-03T00:23:10.289" >
    <step title="DeploymentService.GetLatestDeployment" date="2025-09-03T00:23:10.318" >
      <step title="DeploymentManager.GetResults" date="2025-09-03T00:23:10.377" /><!-- duration: 1156ms -->
    </step><!-- duration: 1258ms -->
  </step><!-- duration: 1345ms -->
  <step title="Outgoing response" date="2025-09-03T00:23:11.667" type="response" statusCode="202" statusText="Accepted" /><!-- duration: 47ms -->
</step><!-- duration: 1678ms -->
