<step title="Incoming Request" date="2025-09-02T14:52:55.616" instance="378edf" url="/api/deployments/latest?deployer=OneDeploy&amp;time=2025-09-02_14-52-41Z" method="GET" type="request" pid="772,1,23" Host="decipherworld-app.scm.azurewebsites.net" User-Agent="GITHUBACTIONS_DeployWebAppToAzure_e3e0cc90f51bd273b88d59801700c10a24014198b431abe6f1e4c8246061ffdf" Authorization="Bas..." Content-Type="application/json; charset=utf-8" Cookie="ARRAffinity=378edfce271436517950788fe4512f9ff5f554211c9bdccd63796f2a24a09e02;Path=/;HttpOnly;Secure;Domain=decipherworld-app.scm.azurewebsites.net; ARRAffinitySameSite=378edfce271436517950788fe4512f9ff5f554211c9bdccd63796f2a24a09e02;Path=/;HttpOnly;SameSite=None;Secure;Domain=decipherworld-app.scm.azurewebsites.net" Content-Length="0" X-ARR-LOG-ID="7260b271-7f49-4502-a021-c55bbd388910" CLIENT-IP="172.184.191.165:14336" X-SITE-DEPLOYMENT-ID="decipherworld-app" WAS-DEFAULT-HOSTNAME="decipherworld-app.scm.azurewebsites.net" X-Forwarded-Proto="https" X-AppService-Proto="https" X-Forwarded-TlsVersion="1.3" X-WAWS-Unencoded-URL="/api/deployments/latest?deployer=OneDeploy&amp;time=2025-09-02_14-52-41Z" X-Client-IP="172.184.191.165" X-Client-Port="14336" >
  <step title="Cleanup Xml Logs" date="2025-09-02T14:52:55.625" >
    <step title="Cleanup Infos" date="2025-09-02T14:52:55.686" totalFiles="339" totalCleanup="179" /><!-- duration: 38ms -->
  </step><!-- duration: 111ms -->
  <step title="DeploymentService.GetResult" date="2025-09-02T14:52:55.774" >
    <step title="DeploymentService.GetLatestDeployment" date="2025-09-02T14:52:55.815" >
      <step title="DeploymentManager.GetResults" date="2025-09-02T14:52:55.846" /><!-- duration: 553ms -->
    </step><!-- duration: 623ms -->
  </step><!-- duration: 685ms -->
  <step title="Outgoing response" date="2025-09-02T14:52:56.498" type="response" statusCode="202" statusText="Accepted" /><!-- duration: 40ms -->
</step><!-- duration: 942ms -->
