<step title="Incoming Request" date="2025-09-03T00:57:27.676" instance="378edf" url="/api/deployments/latest?deployer=OneDeploy&amp;time=2025-09-03_00-55-34Z" method="GET" type="request" pid="772,1,35" Host="decipherworld-app.scm.azurewebsites.net" User-Agent="GITHUBACTIONS_DeployWebAppToAzure_e3e0cc90f51bd273b88d59801700c10a24014198b431abe6f1e4c8246061ffdf" Authorization="Bas..." Content-Type="application/json; charset=utf-8" Cookie="ARRAffinity=378edfce271436517950788fe4512f9ff5f554211c9bdccd63796f2a24a09e02;Path=/;HttpOnly;Secure;Domain=decipherworld-app.scm.azurewebsites.net; ARRAffinitySameSite=378edfce271436517950788fe4512f9ff5f554211c9bdccd63796f2a24a09e02;Path=/;HttpOnly;SameSite=None;Secure;Domain=decipherworld-app.scm.azurewebsites.net" Content-Length="0" X-ARR-LOG-ID="e006f9df-3de6-41db-8635-12f7fdb4ba28" CLIENT-IP="64.236.160.196:35874" X-SITE-DEPLOYMENT-ID="decipherworld-app" WAS-DEFAULT-HOSTNAME="decipherworld-app.scm.azurewebsites.net" X-Forwarded-Proto="https" X-AppService-Proto="https" X-Forwarded-TlsVersion="1.3" X-WAWS-Unencoded-URL="/api/deployments/latest?deployer=OneDeploy&amp;time=2025-09-03_00-55-34Z" X-Client-IP="64.236.160.196" X-Client-Port="35874" >
  <step title="Cleanup Xml Logs" date="2025-09-03T00:57:27.687" >
    <step title="Cleanup Infos" date="2025-09-03T00:57:27.968" totalFiles="450" totalCleanup="290" /><!-- duration: 82ms -->
  </step><!-- duration: 423ms -->
  <step title="DeploymentService.GetResult" date="2025-09-03T00:57:28.289" >
    <step title="DeploymentService.GetLatestDeployment" date="2025-09-03T00:57:28.359" >
      <step title="DeploymentManager.GetResults" date="2025-09-03T00:57:28.410" /><!-- duration: 1721ms -->
    </step><!-- duration: 1850ms -->
  </step><!-- duration: 1962ms -->
  <step title="Outgoing response" date="2025-09-03T00:57:30.271" type="response" statusCode="202" statusText="Accepted" /><!-- duration: 60ms -->
</step><!-- duration: 2687ms -->
