<step title="Incoming Request" date="2025-09-03T00:59:33.460" instance="378edf" url="/api/deployments/latest?deployer=OneDeploy&amp;time=2025-09-03_00-58-23Z" method="GET" type="request" pid="772,1,32" Host="decipherworld-app.scm.azurewebsites.net" User-Agent="GITHUBACTIONS_DeployWebAppToAzure_e3e0cc90f51bd273b88d59801700c10a24014198b431abe6f1e4c8246061ffdf" Authorization="Bas..." Content-Type="application/json; charset=utf-8" Cookie="ARRAffinity=378edfce271436517950788fe4512f9ff5f554211c9bdccd63796f2a24a09e02;Path=/;HttpOnly;Secure;Domain=decipherworld-app.scm.azurewebsites.net; ARRAffinitySameSite=378edfce271436517950788fe4512f9ff5f554211c9bdccd63796f2a24a09e02;Path=/;HttpOnly;SameSite=None;Secure;Domain=decipherworld-app.scm.azurewebsites.net" Content-Length="0" X-ARR-LOG-ID="cdef7f0e-83cd-4978-9960-133c33b9df40" CLIENT-IP="64.236.176.146:48129" X-SITE-DEPLOYMENT-ID="decipherworld-app" WAS-DEFAULT-HOSTNAME="decipherworld-app.scm.azurewebsites.net" X-Forwarded-Proto="https" X-AppService-Proto="https" X-Forwarded-TlsVersion="1.3" X-WAWS-Unencoded-URL="/api/deployments/latest?deployer=OneDeploy&amp;time=2025-09-03_00-58-23Z" X-Client-IP="64.236.176.146" X-Client-Port="48129" >
  <step title="Cleanup Xml Logs" date="2025-09-03T00:59:33.479" >
    <step title="Cleanup Infos" date="2025-09-03T00:59:33.558" totalFiles="466" totalCleanup="306" /><!-- duration: 30ms -->
  </step><!-- duration: 140ms -->
  <step title="DeploymentService.GetResult" date="2025-09-03T00:59:33.710" >
    <step title="DeploymentService.GetLatestDeployment" date="2025-09-03T00:59:33.749" >
      <step title="DeploymentManager.GetResults" date="2025-09-03T00:59:33.769" /><!-- duration: 996ms -->
    </step><!-- duration: 1045ms -->
  </step><!-- duration: 1096ms -->
  <step title="Outgoing response" date="2025-09-03T00:59:34.848" type="response" statusCode="202" statusText="Accepted" /><!-- duration: 20ms -->
</step><!-- duration: 1418ms -->
