<step title="Incoming Request" date="2025-09-03T00:02:35.816" instance="378edf" url="/api/deployments/latest?deployer=OneDeploy&amp;time=2025-09-03_00-01-12Z" method="GET" type="request" pid="772,1,51" Host="decipherworld-app.scm.azurewebsites.net" User-Agent="GITHUBACTIONS_DeployWebAppToAzure_e3e0cc90f51bd273b88d59801700c10a24014198b431abe6f1e4c8246061ffdf" Authorization="Bas..." Content-Type="application/json; charset=utf-8" Cookie="ARRAffinity=378edfce271436517950788fe4512f9ff5f554211c9bdccd63796f2a24a09e02;Path=/;HttpOnly;Secure;Domain=decipherworld-app.scm.azurewebsites.net; ARRAffinitySameSite=378edfce271436517950788fe4512f9ff5f554211c9bdccd63796f2a24a09e02;Path=/;HttpOnly;SameSite=None;Secure;Domain=decipherworld-app.scm.azurewebsites.net" Content-Length="0" X-ARR-LOG-ID="d0dcb2d2-f13e-4f13-ab26-039ecea23c1c" CLIENT-IP="172.182.195.224:46082" X-SITE-DEPLOYMENT-ID="decipherworld-app" WAS-DEFAULT-HOSTNAME="decipherworld-app.scm.azurewebsites.net" X-Forwarded-Proto="https" X-AppService-Proto="https" X-Forwarded-TlsVersion="1.3" X-WAWS-Unencoded-URL="/api/deployments/latest?deployer=OneDeploy&amp;time=2025-09-03_00-01-12Z" X-Client-IP="172.182.195.224" X-Client-Port="46082" >
  <step title="Cleanup Xml Logs" date="2025-09-03T00:02:35.858" >
    <step title="Cleanup Infos" date="2025-09-03T00:02:35.959" totalFiles="391" totalCleanup="231" /><!-- duration: 49ms -->
  </step><!-- duration: 161ms -->
  <step title="DeploymentService.GetResult" date="2025-09-03T00:02:36.089" >
    <step title="DeploymentService.GetLatestDeployment" date="2025-09-03T00:02:36.110" >
      <step title="DeploymentManager.GetResults" date="2025-09-03T00:02:36.158" /><!-- duration: 848ms -->
    </step><!-- duration: 935ms -->
  </step><!-- duration: 976ms -->
  <step title="Outgoing response" date="2025-09-03T00:02:37.085" type="response" statusCode="202" statusText="Accepted" /><!-- duration: 10ms -->
</step><!-- duration: 1308ms -->
