<step title="Incoming Request" date="2025-09-03T00:02:43.177" instance="378edf" url="/api/deployments/latest?deployer=OneDeploy&amp;time=2025-09-03_00-01-12Z" method="GET" type="request" pid="772,1,51" Host="decipherworld-app.scm.azurewebsites.net" User-Agent="GITHUBACTIONS_DeployWebAppToAzure_e3e0cc90f51bd273b88d59801700c10a24014198b431abe6f1e4c8246061ffdf" Authorization="Bas..." Content-Type="application/json; charset=utf-8" Cookie="ARRAffinity=378edfce271436517950788fe4512f9ff5f554211c9bdccd63796f2a24a09e02;Path=/;HttpOnly;Secure;Domain=decipherworld-app.scm.azurewebsites.net; ARRAffinitySameSite=378edfce271436517950788fe4512f9ff5f554211c9bdccd63796f2a24a09e02;Path=/;HttpOnly;SameSite=None;Secure;Domain=decipherworld-app.scm.azurewebsites.net" Content-Length="0" X-ARR-LOG-ID="7e3c0c34-6173-473a-bfe4-03675b5743d8" CLIENT-IP="172.182.195.224:46080" X-SITE-DEPLOYMENT-ID="decipherworld-app" WAS-DEFAULT-HOSTNAME="decipherworld-app.scm.azurewebsites.net" X-Forwarded-Proto="https" X-AppService-Proto="https" X-Forwarded-TlsVersion="1.3" X-WAWS-Unencoded-URL="/api/deployments/latest?deployer=OneDeploy&amp;time=2025-09-03_00-01-12Z" X-Client-IP="172.182.195.224" X-Client-Port="46080" >
  <step title="Cleanup Xml Logs" date="2025-09-03T00:02:43.187" >
    <step title="Cleanup Infos" date="2025-09-03T00:02:43.277" totalFiles="392" totalCleanup="232" /><!-- duration: 13ms -->
  </step><!-- duration: 122ms -->
  <step title="DeploymentService.GetResult" date="2025-09-03T00:02:43.339" >
    <step title="DeploymentService.GetLatestDeployment" date="2025-09-03T00:02:43.397" >
      <step title="DeploymentManager.GetResults" date="2025-09-03T00:02:43.417" /><!-- duration: 766ms -->
    </step><!-- duration: 815ms -->
  </step><!-- duration: 905ms -->
  <step title="Outgoing response" date="2025-09-03T00:02:44.264" type="response" statusCode="202" statusText="Accepted" /><!-- duration: 19ms -->
</step><!-- duration: 1117ms -->
