<step title="BackgroundTrace" date="2025-09-03T01:08:04.358" instance="378edf" url="/api/publish" method="POST" >
  <step title="Creating temporary deployment - FetchDeploymentManager" date="2025-09-03T01:08:04.545" /><!-- duration: 3ms -->
  <step title="Creating temporary deployment" date="2025-09-03T01:08:04.579" /><!-- duration: 102ms -->
  <step title="Performing fetch based deployment" date="2025-09-03T01:08:04.757" >
    <step title="Cleaning up temp folders from previous zip deployments and extracting pushed zip file /tmp/zipdeploy/abf35a7f-7ece-4d58-bc0b-05e865f83704.zip (1.54 MB) to /tmp/zipdeploy/extracted" date="2025-09-03T01:08:05.932" >
      <step title="ChmodRecursive Process exited with total time taken in ms: 99" date="2025-09-03T01:08:06.287" /><!-- duration: 19ms -->
    </step><!-- duration: 423ms -->
    <step title="Deployment timer started" date="2025-09-03T01:08:08.379" >
      <step title="DeploymentManager.Deploy(id:b7b2ae89-7322-4a44-ba53-c8015e092f5e)" date="2025-09-03T01:08:08.428" >
        <step title="Collecting changeset information" date="2025-09-03T01:08:08.568" /><!-- duration: 322ms -->
        <step title="Updating submodules" date="2025-09-03T01:08:08.920" /><!-- duration: 1317ms -->
        <step title="Determining deployment builder" date="2025-09-03T01:08:10.563" >
          <step title="Builder is OryxBuilder" date="2025-09-03T01:08:10.632" /><!-- duration: 11ms -->
        </step><!-- duration: 111ms -->
        <step title="PreDeployment: context.CleanOutputPath False" date="2025-09-03T01:08:10.768" >
          <step title="PreDeployment: context.OutputPath /home/site/wwwroot" date="2025-09-03T01:08:10.909" >
            <step title="Building" date="2025-09-03T01:08:11.104" >
              <step title="Executing external process" date="2025-09-03T01:08:11.467" type="process" path="bash" arguments="-c &quot;oryx build /tmp/zipdeploy/extracted -o /home/site/wwwroot --platform python --platform-version 3.11 -p virtualenv_name=antenv --log-file /tmp/build-debug.log  -i /tmp/8ddea8659a3104b --compress-destination-dir | tee /tmp/oryx-build.log ; exit $PIPESTATUS &quot;" >
                <step title="Error occurred" date="2025-09-03T01:09:22.240" type="error" text="Deployment has been stopped due to SCM container restart. The restart can happen due to a management operation on site. Do not perform a management operation and a deployment operation in quick succession. Adding a small delay can help avoid any conflicts." /><!-- duration: 20ms -->
                <step title="Killing external process" date="2025-09-03T01:09:22.331" >
                  <step title="Abort Process &apos;rsync(10209)&apos;." date="2025-09-03T01:09:23.196" /><!-- duration: 40ms -->
                  <step title="Abort Process &apos;rsync(10208)&apos;." date="2025-09-03T01:09:23.267" /><!-- duration: 40ms -->
                  <step title="Abort Process &apos;oryx(10059)&apos;." date="2025-09-03T01:09:23.345" /><!-- duration: 19ms -->
                  <step title="Abort Process &apos;tee(10060)&apos;." date="2025-09-03T01:09:23.396" /><!-- duration: 22ms -->
                  <step title="Process dump" date="2025-09-03T01:09:23.486" exitCode="137" type="processOutput" /><!-- duration: 10ms -->
                </step><!-- duration: 1194ms -->
                <step title="Error occurred" date="2025-09-03T01:09:23.615" type="error" text="rsync: connection unexpectedly closed (97885 bytes received so far) [generator]
rsync error: error in rsync protocol data stream (code 12) at io.c(228) [generator=3.2.3]
rsync: [sender] write error: Broken pipe (32)
rsync error: error in socket IO (code 10) at io.c(823) [sender=3.2.3]
/bin/bash: line 1: 10059 Killed                  oryx build /tmp/zipdeploy/extracted -o /home/site/wwwroot --platform python --platform-version 3.11 -p virtualenv_name=antenv --log-file /tmp/build-debug.log -i /tmp/8ddea8659a3104b --compress-destination-dir
     10060                       | tee /tmp/oryx-build.log
/bin/bash -c &quot;oryx build /tmp/zipdeploy/extracted -o /home/site/wwwroot --platform python --platform-version 3.11 -p virtualenv_name=antenv --log-file /tmp/build-debug.log  -i /tmp/8ddea8659a3104b --compress-destination-dir | tee /tmp/oryx-build.log ; exit $PIPESTATUS &quot;" stackTrace="   at Kudu.Core.Infrastructure.Executable.ExecuteInternal(ITracer tracer, Func`2 onWriteOutput, Func`2 onWriteError, CancellationToken token, Encoding encoding, String arguments, Object[] args) in /tmp/KuduLite/Kudu.Core/Infrastructure/Executable.cs:line 239
   at Kudu.Core.Infrastructure.Executable.ExecuteWithProgressWriter(ILogger logger, ITracer tracer, CancellationToken token, String arguments, Object[] args) in /tmp/KuduLite/Kudu.Core/Infrastructure/Executable.cs:line 118
   at Kudu.Core.Deployment.Generator.ExternalCommandBuilder.RunCommand(DeploymentContext context, String command, Boolean ignoreManifest, CancellationToken token, String message) in /tmp/KuduLite/Kudu.Core/Deployment/Generator/ExternalCommandBuilder.cs:line 122" /><!-- duration: 13ms -->
                <step title="Error occurred" date="2025-09-03T01:09:23.717" type="error" text="rsync: connection unexpectedly closed (97885 bytes received so far) [generator]
rsync error: error in rsync protocol data stream (code 12) at io.c(228) [generator=3.2.3]
rsync: [sender] write error: Broken pipe (32)
rsync error: error in socket IO (code 10) at io.c(823) [sender=3.2.3]
/bin/bash: line 1: 10059 Killed                  oryx build /tmp/zipdeploy/extracted -o /home/site/wwwroot --platform python --platform-version 3.11 -p virtualenv_name=antenv --log-file /tmp/build-debug.log -i /tmp/8ddea8659a3104b --compress-destination-dir
     10060                       | tee /tmp/oryx-build.log
/bin/bash -c &quot;oryx build /tmp/zipdeploy/extracted -o /home/site/wwwroot --platform python --platform-version 3.11 -p virtualenv_name=antenv --log-file /tmp/build-debug.log  -i /tmp/8ddea8659a3104b --compress-destination-dir | tee /tmp/oryx-build.log ; exit $PIPESTATUS &quot;" stackTrace="   at Kudu.Core.Infrastructure.Executable.ExecuteInternal(ITracer tracer, Func`2 onWriteOutput, Func`2 onWriteError, CancellationToken token, Encoding encoding, String arguments, Object[] args) in /tmp/KuduLite/Kudu.Core/Infrastructure/Executable.cs:line 239
   at Kudu.Core.Infrastructure.Executable.ExecuteWithProgressWriter(ILogger logger, ITracer tracer, CancellationToken token, String arguments, Object[] args) in /tmp/KuduLite/Kudu.Core/Infrastructure/Executable.cs:line 118
   at Kudu.Core.Deployment.Generator.ExternalCommandBuilder.RunCommand(DeploymentContext context, String command, Boolean ignoreManifest, CancellationToken token, String message) in /tmp/KuduLite/Kudu.Core/Deployment/Generator/ExternalCommandBuilder.cs:line 122
   at Kudu.Core.Deployment.Generator.OryxBuilder.RunBuildCommand(IOryxArguments args, DeploymentContext context, CancellationToken token) in /tmp/KuduLite/Kudu.Core/Deployment/Generator/OryxBuilder.cs:line 282
   at Kudu.Core.Deployment.Generator.OryxBuilder.Build(DeploymentContext context, CancellationToken token) in /tmp/KuduLite/Kudu.Core/Deployment/Generator/OryxBuilder.cs:line 123
   at Kudu.Core.Deployment.DeploymentManager.Build(ChangeSet changeSet, ITracer tracer, IDisposable deployStep, IRepository repository, DeploymentInfoBase deploymentInfo, DeploymentAnalytics deploymentAnalytics, Boolean fullBuildByDefault, CancellationToken cancellationToken) in /tmp/KuduLite/Kudu.Core/Deployment/DeploymentManager.cs:line 771" /><!-- duration: 21ms -->
