<step title="Incoming Request" date="2025-09-03T01:08:36.331" instance="378edf" url="/api/deployments/latest?deployer=OneDeploy&amp;time=2025-09-03_01-08-04Z" method="GET" type="request" pid="772,1,35" Host="decipherworld-app.scm.azurewebsites.net" User-Agent="GITHUBACTIONS_DeployWebAppToAzure_e3e0cc90f51bd273b88d59801700c10a24014198b431abe6f1e4c8246061ffdf" Authorization="Bas..." Content-Type="application/json; charset=utf-8" Cookie="ARRAffinity=378edfce271436517950788fe4512f9ff5f554211c9bdccd63796f2a24a09e02;Path=/;HttpOnly;Secure;Domain=decipherworld-app.scm.azurewebsites.net; ARRAffinitySameSite=378edfce271436517950788fe4512f9ff5f554211c9bdccd63796f2a24a09e02;Path=/;HttpOnly;SameSite=None;Secure;Domain=decipherworld-app.scm.azurewebsites.net" Content-Length="0" X-ARR-LOG-ID="e7de50cf-0cc3-4738-9a8f-35dcebc72c5e" CLIENT-IP="20.161.71.48:27584" X-SITE-DEPLOYMENT-ID="decipherworld-app" WAS-DEFAULT-HOSTNAME="decipherworld-app.scm.azurewebsites.net" X-Forwarded-Proto="https" X-AppService-Proto="https" X-Forwarded-TlsVersion="1.3" X-WAWS-Unencoded-URL="/api/deployments/latest?deployer=OneDeploy&amp;time=2025-09-03_01-08-04Z" X-Client-IP="20.161.71.48" X-Client-Port="27584" >
  <step title="Cleanup Xml Logs" date="2025-09-03T01:08:36.340" >
    <step title="Cleanup Infos" date="2025-09-03T01:08:36.421" totalFiles="488" totalCleanup="328" /><!-- duration: 22ms -->
  </step><!-- duration: 131ms -->
  <step title="DeploymentService.GetResult" date="2025-09-03T01:08:36.491" >
    <step title="DeploymentService.GetLatestDeployment" date="2025-09-03T01:08:36.501" >
      <step title="DeploymentManager.GetResults" date="2025-09-03T01:08:36.512" /><!-- duration: 1308ms -->
    </step><!-- duration: 1339ms -->
  </step><!-- duration: 1369ms -->
  <step title="Outgoing response" date="2025-09-03T01:08:37.878" type="response" statusCode="202" statusText="Accepted" /><!-- duration: 10ms -->
</step><!-- duration: 1568ms -->
