<step title="BackgroundTrace" date="2025-09-03T00:01:12.141" instance="378edf" url="/api/publish" method="POST" >
  <step title="Creating temporary deployment - FetchDeploymentManager" date="2025-09-03T00:01:12.235" /><!-- duration: 8ms -->
  <step title="Creating temporary deployment" date="2025-09-03T00:01:12.250" /><!-- duration: 73ms -->
  <step title="Performing fetch based deployment" date="2025-09-03T00:01:12.365" >
    <step title="Cleaning up temp folders from previous zip deployments and extracting pushed zip file /tmp/zipdeploy/9ffdd8fa-749c-4ecf-b898-a1114ee545bc.zip (1.50 MB) to /tmp/zipdeploy/extracted" date="2025-09-03T00:01:14.307" >
      <step title="ChmodRecursive Process exited with total time taken in ms: 188" date="2025-09-03T00:01:15.090" /><!-- duration: 22ms -->
    </step><!-- duration: 815ms -->
    <step title="Deployment timer started" date="2025-09-03T00:01:17.140" >
      <step title="DeploymentManager.Deploy(id:5192fe9a-9d49-4239-a19b-798338f5a231)" date="2025-09-03T00:01:17.149" >
        <step title="Collecting changeset information" date="2025-09-03T00:01:17.205" /><!-- duration: 135ms -->
        <step title="Updating submodules" date="2025-09-03T00:01:17.352" /><!-- duration: 1143ms -->
        <step title="Determining deployment builder" date="2025-09-03T00:01:18.732" >
          <step title="Builder is OryxBuilder" date="2025-09-03T00:01:18.751" /><!-- duration: 4ms -->
        </step><!-- duration: 29ms -->
        <step title="PreDeployment: context.CleanOutputPath False" date="2025-09-03T00:01:18.825" >
          <step title="PreDeployment: context.OutputPath /home/site/wwwroot" date="2025-09-03T00:01:18.954" >
            <step title="Building" date="2025-09-03T00:01:19.125" >
              <step title="Executing external process" date="2025-09-03T00:01:19.501" type="process" path="bash" arguments="-c &quot;oryx build /tmp/zipdeploy/extracted -o /home/site/wwwroot --platform python --platform-version 3.11 -p virtualenv_name=antenv --log-file /tmp/build-debug.log  -i /tmp/8ddea7d0259dcfb --compress-destination-dir | tee /tmp/oryx-build.log ; exit $PIPESTATUS &quot;" /><!-- duration: 111645ms -->
              <step title="Using PythonDeploymentLogParser" date="2025-09-03T00:03:12.028" /><!-- duration: 12ms -->
              <step title="Modified file to trigger a restart of the app container." date="2025-09-03T00:03:14.043" /><!-- duration: 5ms -->
              <step title="Skip function trigger and logicapp sync because function is not enabled." date="2025-09-03T00:03:14.055" /><!-- duration: 12ms -->
              <step title="Purge deployment items" date="2025-09-03T00:03:14.871" >
                <step title="Remove temp-fd4e, Pending, received at 09/03/2025 00:01:12" date="2025-09-03T00:03:14.925" /><!-- duration: 4ms -->
              </step><!-- duration: 66ms -->
            </step><!-- duration: 115938ms -->
          </step><!-- duration: 116130ms -->
          <step title="Cleaning up temp files" date="2025-09-03T00:03:15.088" /><!-- duration: 2982ms -->
          <step title="Cleaning up temp files" date="2025-09-03T00:03:18.089" /><!-- duration: 518ms -->
          <step title="Reloading status file with latest updates" date="2025-09-03T00:03:18.668" >
            <step title="WebHooksManager.PublishEventAsync: PostDeployment" date="2025-09-03T00:03:18.748" /><!-- duration: 25ms -->
          </step><!-- duration: 111ms -->
          <step title="Cleaning up temporary deployment - fetch deployment was successful" date="2025-09-03T00:03:18.801" /><!-- duration: 21ms -->
        </step><!-- duration: 120105ms -->
      </step><!-- duration: 121807ms -->
