<step title="Incoming Request" date="2025-09-02T14:51:10.410" instance="378edf" url="/api/deployments/latest?deployer=OneDeploy&amp;time=2025-09-02_14-49-25Z" method="GET" type="request" pid="772,1,15" Host="decipherworld-app.scm.azurewebsites.net" User-Agent="GITHUBACTIONS_DeployWebAppToAzure_e3e0cc90f51bd273b88d59801700c10a24014198b431abe6f1e4c8246061ffdf" Authorization="Bas..." Content-Type="application/json; charset=utf-8" Cookie="ARRAffinity=378edfce271436517950788fe4512f9ff5f554211c9bdccd63796f2a24a09e02;Path=/;HttpOnly;Secure;Domain=decipherworld-app.scm.azurewebsites.net; ARRAffinitySameSite=378edfce271436517950788fe4512f9ff5f554211c9bdccd63796f2a24a09e02;Path=/;HttpOnly;SameSite=None;Secure;Domain=decipherworld-app.scm.azurewebsites.net" Content-Length="0" X-ARR-LOG-ID="835f15fe-b2ff-4123-8ff2-121efaf242d2" CLIENT-IP="172.182.225.193:8192" X-SITE-DEPLOYMENT-ID="decipherworld-app" WAS-DEFAULT-HOSTNAME="decipherworld-app.scm.azurewebsites.net" X-Forwarded-Proto="https" X-AppService-Proto="https" X-Forwarded-TlsVersion="1.3" X-WAWS-Unencoded-URL="/api/deployments/latest?deployer=OneDeploy&amp;time=2025-09-02_14-49-25Z" X-Client-IP="172.182.225.193" X-Client-Port="8192" >
  <step title="Cleanup Xml Logs" date="2025-09-02T14:51:10.432" >
    <step title="Cleanup Infos" date="2025-09-02T14:51:10.509" totalFiles="325" totalCleanup="165" /><!-- duration: 30ms -->
  </step><!-- duration: 128ms -->
  <step title="DeploymentService.GetResult" date="2025-09-02T14:51:10.602" >
    <step title="DeploymentService.GetLatestDeployment" date="2025-09-02T14:51:10.612" >
      <step title="DeploymentManager.GetResults" date="2025-09-02T14:51:10.651" /><!-- duration: 674ms -->
    </step><!-- duration: 770ms -->
  </step><!-- duration: 794ms -->
  <step title="Outgoing response" date="2025-09-02T14:51:11.413" type="response" statusCode="202" statusText="Accepted" /><!-- duration: 19ms -->
</step><!-- duration: 1033ms -->
