<step title="Incoming Request" date="2025-09-03T00:02:04.363" instance="378edf" url="/api/deployments/latest?deployer=OneDeploy&amp;time=2025-09-03_00-01-12Z" method="GET" type="request" pid="772,1,56" Host="decipherworld-app.scm.azurewebsites.net" User-Agent="GITHUBACTIONS_DeployWebAppToAzure_e3e0cc90f51bd273b88d59801700c10a24014198b431abe6f1e4c8246061ffdf" Authorization="Bas..." Content-Type="application/json; charset=utf-8" Cookie="ARRAffinity=378edfce271436517950788fe4512f9ff5f554211c9bdccd63796f2a24a09e02;Path=/;HttpOnly;Secure;Domain=decipherworld-app.scm.azurewebsites.net; ARRAffinitySameSite=378edfce271436517950788fe4512f9ff5f554211c9bdccd63796f2a24a09e02;Path=/;HttpOnly;SameSite=None;Secure;Domain=decipherworld-app.scm.azurewebsites.net" Content-Length="0" X-ARR-LOG-ID="dd0d062b-ac8a-4c21-8f60-9ce6d744735a" CLIENT-IP="172.182.195.224:46081" X-SITE-DEPLOYMENT-ID="decipherworld-app" WAS-DEFAULT-HOSTNAME="decipherworld-app.scm.azurewebsites.net" X-Forwarded-Proto="https" X-AppService-Proto="https" X-Forwarded-TlsVersion="1.3" X-WAWS-Unencoded-URL="/api/deployments/latest?deployer=OneDeploy&amp;time=2025-09-03_00-01-12Z" X-Client-IP="172.182.195.224" X-Client-Port="46081" >
  <step title="Cleanup Xml Logs" date="2025-09-03T00:02:04.423" >
    <step title="Cleanup Infos" date="2025-09-03T00:02:04.591" totalFiles="387" totalCleanup="227" /><!-- duration: 32ms -->
  </step><!-- duration: 229ms -->
  <step title="DeploymentService.GetResult" date="2025-09-03T00:02:04.714" >
    <step title="DeploymentService.GetLatestDeployment" date="2025-09-03T00:02:04.752" >
      <step title="DeploymentManager.GetResults" date="2025-09-03T00:02:04.795" /><!-- duration: 884ms -->
    </step><!-- duration: 977ms -->
  </step><!-- duration: 1027ms -->
  <step title="Outgoing response" date="2025-09-03T00:02:05.811" type="response" statusCode="202" statusText="Accepted" /><!-- duration: 58ms -->
</step><!-- duration: 1528ms -->
