<step title="Incoming Request" date="2025-09-03T00:22:05.122" instance="378edf" url="/api/deployments/latest?deployer=OneDeploy&amp;time=2025-09-03_00-21-57Z" method="GET" type="request" pid="772,1,49" Host="decipherworld-app.scm.azurewebsites.net" User-Agent="GITHUBACTIONS_DeployWebAppToAzure_e3e0cc90f51bd273b88d59801700c10a24014198b431abe6f1e4c8246061ffdf" Authorization="Bas..." Content-Type="application/json; charset=utf-8" Cookie="ARRAffinity=378edfce271436517950788fe4512f9ff5f554211c9bdccd63796f2a24a09e02;Path=/;HttpOnly;Secure;Domain=decipherworld-app.scm.azurewebsites.net; ARRAffinitySameSite=378edfce271436517950788fe4512f9ff5f554211c9bdccd63796f2a24a09e02;Path=/;HttpOnly;SameSite=None;Secure;Domain=decipherworld-app.scm.azurewebsites.net" Content-Length="0" X-ARR-LOG-ID="730be5f8-ac5d-4e10-810d-2cabe8d90cd7" CLIENT-IP="52.159.247.51:28697" X-SITE-DEPLOYMENT-ID="decipherworld-app" WAS-DEFAULT-HOSTNAME="decipherworld-app.scm.azurewebsites.net" X-Forwarded-Proto="https" X-AppService-Proto="https" X-Forwarded-TlsVersion="1.3" X-WAWS-Unencoded-URL="/api/deployments/latest?deployer=OneDeploy&amp;time=2025-09-03_00-21-57Z" X-Client-IP="52.159.247.51" X-Client-Port="28697" >
  <step title="Cleanup Xml Logs" date="2025-09-03T00:22:05.161" >
    <step title="Cleanup Infos" date="2025-09-03T00:22:05.254" totalFiles="403" totalCleanup="243" /><!-- duration: 50ms -->
  </step><!-- duration: 163ms -->
  <step title="DeploymentService.GetResult" date="2025-09-03T00:22:05.425" >
    <step title="DeploymentService.GetLatestDeployment" date="2025-09-03T00:22:05.463" >
      <step title="DeploymentManager.GetResults" date="2025-09-03T00:22:05.495" /><!-- duration: 1940ms -->
    </step><!-- duration: 2023ms -->
  </step><!-- duration: 2099ms -->
  <step title="Outgoing response" date="2025-09-03T00:22:07.554" type="response" statusCode="202" statusText="Accepted" /><!-- duration: 33ms -->
</step><!-- duration: 2483ms -->
