<step title="BackgroundTrace" date="2025-09-03T00:58:23.265" instance="378edf" url="/api/publish" method="POST" >
  <step title="Creating temporary deployment - FetchDeploymentManager" date="2025-09-03T00:58:23.468" /><!-- duration: 11ms -->
  <step title="Creating temporary deployment" date="2025-09-03T00:58:23.507" /><!-- duration: 172ms -->
  <step title="Performing fetch based deployment" date="2025-09-03T00:58:23.821" >
    <step title="Cleaning up temp folders from previous zip deployments and extracting pushed zip file /tmp/zipdeploy/ff3a0079-d212-4fd6-a239-cc5ab34abbb0.zip (1.54 MB) to /tmp/zipdeploy/extracted" date="2025-09-03T00:58:25.316" >
      <step title="ChmodRecursive Process exited with total time taken in ms: 142" date="2025-09-03T00:58:26.052" /><!-- duration: 12ms -->
    </step><!-- duration: 767ms -->
    <step title="Deployment timer started" date="2025-09-03T00:58:28.162" >
      <step title="DeploymentManager.Deploy(id:e1088e5c-9e27-46ab-83f0-7bdc4b698adf)" date="2025-09-03T00:58:28.194" >
        <step title="Collecting changeset information" date="2025-09-03T00:58:28.275" /><!-- duration: 222ms -->
        <step title="Updating submodules" date="2025-09-03T00:58:28.544" /><!-- duration: 1359ms -->
        <step title="Determining deployment builder" date="2025-09-03T00:58:30.354" >
          <step title="Builder is OryxBuilder" date="2025-09-03T00:58:30.396" /><!-- duration: 18ms -->
        </step><!-- duration: 71ms -->
        <step title="PreDeployment: context.CleanOutputPath False" date="2025-09-03T00:58:30.548" >
          <step title="PreDeployment: context.OutputPath /home/site/wwwroot" date="2025-09-03T00:58:30.799" >
            <step title="Building" date="2025-09-03T00:58:31.159" >
              <step title="Executing external process" date="2025-09-03T00:58:31.977" type="process" path="bash" arguments="-c &quot;oryx build /tmp/zipdeploy/extracted -o /home/site/wwwroot --platform python --platform-version 3.11 -p virtualenv_name=antenv --log-file /tmp/build-debug.log  -i /tmp/8ddea84ffc9c61f --compress-destination-dir | tee /tmp/oryx-build.log ; exit $PIPESTATUS &quot;" /><!-- duration: 115165ms -->
              <step title="Using PythonDeploymentLogParser" date="2025-09-03T01:00:27.885" /><!-- duration: 11ms -->
              <step title="Modified file to trigger a restart of the app container." date="2025-09-03T01:00:29.044" /><!-- duration: 5ms -->
              <step title="Skip function trigger and logicapp sync because function is not enabled." date="2025-09-03T01:00:29.063" /><!-- duration: 13ms -->
              <step title="Purge deployment items" date="2025-09-03T01:00:30.174" >
                <step title="Remove temp-93ff, Pending, received at 09/03/2025 00:58:23" date="2025-09-03T01:00:30.296" /><!-- duration: 7ms -->
              </step><!-- duration: 140ms -->
            </step><!-- duration: 119284ms -->
          </step><!-- duration: 119656ms -->
          <step title="Cleaning up temp files" date="2025-09-03T01:00:30.465" /><!-- duration: 3809ms -->
          <step title="Cleaning up temp files" date="2025-09-03T01:00:34.281" /><!-- duration: 525ms -->
          <step title="Reloading status file with latest updates" date="2025-09-03T01:00:34.863" >
            <step title="WebHooksManager.PublishEventAsync: PostDeployment" date="2025-09-03T01:00:34.868" /><!-- duration: 42ms -->
          </step><!-- duration: 50ms -->
          <step title="Cleaning up temporary deployment - fetch deployment was successful" date="2025-09-03T01:00:34.919" /><!-- duration: 4ms -->
        </step><!-- duration: 124429ms -->
      </step><!-- duration: 126800ms -->
