<step title="Incoming Request" date="2025-09-03T00:21:55.965" instance="378edf" url="/api/publish?async=true&amp;deployer=GITHUB_ONE_DEPLOY&amp;type=zip&amp;message=%7B%22type%22%3A%22deployment%22%2C%22sha%22%3A%225929caf1258d7a4d2cc18fc538a2b480cd1c3b39%22%2C%22repoName%22%3A%22jatinbhagat%2Fdecipherworld%22%2C%22actor%22%3A%22jatinbhagat%22%2C%22slotName%22%3A%22Production%22%2C%22commitMessage%22%3A%22Cleaned%20up%20code%20-removed%20supabase%20from%20env%22%7D" method="POST" type="request" pid="772,1,68" Host="decipherworld-app.scm.azurewebsites.net" User-Agent="GITHUBACTIONS_DeployWebAppToAzure_e3e0cc90f51bd273b88d59801700c10a24014198b431abe6f1e4c8246061ffdf" Authorization="Bas..." Content-Type="application/octet-stream" Cookie="ARRAffinity=378edfce271436517950788fe4512f9ff5f554211c9bdccd63796f2a24a09e02;Path=/;HttpOnly;Secure;Domain=decipherworld-app.scm.azurewebsites.net; ARRAffinitySameSite=378edfce271436517950788fe4512f9ff5f554211c9bdccd63796f2a24a09e02;Path=/;HttpOnly;SameSite=None;Secure;Domain=decipherworld-app.scm.azurewebsites.net" Transfer-Encoding="chunked" X-ARR-LOG-ID="a4408de1-0b17-4bd0-8858-b331dc4f4635" CLIENT-IP="52.159.247.51:28696" X-SITE-DEPLOYMENT-ID="decipherworld-app" WAS-DEFAULT-HOSTNAME="decipherworld-app.scm.azurewebsites.net" X-Forwarded-Proto="https" X-AppService-Proto="https" X-Forwarded-TlsVersion="1.3" X-WAWS-Unencoded-URL="/api/publish?async=true&amp;deployer=GITHUB_ONE_DEPLOY&amp;type=zip&amp;message=%7B%22type%22%3A%22deployment%22%2C%22sha%22%3A%225929caf1258d7a4d2cc18fc538a2b480cd1c3b39%22%2C%22repoName%22%3A%22jatinbhagat%2Fdecipherworld%22%2C%22actor%22%3A%22jatinbhagat%22%2C%22slotName%22%3A%22Production%22%2C%22commitMessage%22%3A%22Cleaned%20up%20code%20-removed%20supabase%20from%20env%22%7D" X-Client-IP="52.159.247.51" X-Client-Port="28696" >
  <step title="OneDeploy" date="2025-09-03T00:21:56.001" >
    <step title="Starting PushDeployAsync" date="2025-09-03T00:21:56.029" /><!-- duration: 10ms -->
    <step title="Writing artifact to /tmp/zipdeploy/37fedcf2-38aa-486e-9eaa-64e988ee39e9.zip" date="2025-09-03T00:21:56.078" >
      <step title="Writing multipart request body to /tmp/zipdeploy/37fedcf2-38aa-486e-9eaa-64e988ee39e9.zip" date="2025-09-03T00:21:56.086" /><!-- duration: 11ms -->
    </step><!-- duration: 1088ms -->
    <step title="Removing previous build artifact&apos;s manifest file" date="2025-09-03T00:21:57.180" >
      <step title="Start deployment in the background" date="2025-09-03T00:21:57.208" >
        <step title="Acquiring Deployment Lock" date="2025-09-03T00:21:57.239" /><!-- duration: 9ms -->
        <step title="Acquired Deployment Lock" date="2025-09-03T00:21:57.303" /><!-- duration: 5ms -->
      </step><!-- duration: 201ms -->
    </step><!-- duration: 241ms -->
    <step title="Outgoing response" date="2025-09-03T00:21:57.427" type="response" statusCode="202" statusText="Accepted" /><!-- duration: 7ms -->
  </step><!-- duration: 1439ms -->
