<step title="Incoming Request" date="2025-09-02T16:00:59.130" instance="378edf" url="/api/deployments/latest?deployer=OneDeploy&amp;time=2025-09-02_16-00-52Z" method="GET" type="request" pid="772,1,70" Host="decipherworld-app.scm.azurewebsites.net" User-Agent="GITHUBACTIONS_DeployWebAppToAzure_e3e0cc90f51bd273b88d59801700c10a24014198b431abe6f1e4c8246061ffdf" Authorization="Bas..." Content-Type="application/json; charset=utf-8" Cookie="ARRAffinity=378edfce271436517950788fe4512f9ff5f554211c9bdccd63796f2a24a09e02;Path=/;HttpOnly;Secure;Domain=decipherworld-app.scm.azurewebsites.net; ARRAffinitySameSite=378edfce271436517950788fe4512f9ff5f554211c9bdccd63796f2a24a09e02;Path=/;HttpOnly;SameSite=None;Secure;Domain=decipherworld-app.scm.azurewebsites.net" Content-Length="0" X-ARR-LOG-ID="0eb1d3d5-029f-42f5-8db0-b6ef72eb839c" CLIENT-IP="172.208.127.250:13377" X-SITE-DEPLOYMENT-ID="decipherworld-app" WAS-DEFAULT-HOSTNAME="decipherworld-app.scm.azurewebsites.net" X-Forwarded-Proto="https" X-AppService-Proto="https" X-Forwarded-TlsVersion="1.3" X-WAWS-Unencoded-URL="/api/deployments/latest?deployer=OneDeploy&amp;time=2025-09-02_16-00-52Z" X-Client-IP="172.208.127.250" X-Client-Port="13377" >
  <step title="Cleanup Xml Logs" date="2025-09-02T16:00:59.142" >
    <step title="Cleanup Infos" date="2025-09-02T16:00:59.203" totalFiles="358" totalCleanup="198" /><!-- duration: 39ms -->
  </step><!-- duration: 150ms -->
  <step title="DeploymentService.GetResult" date="2025-09-02T16:00:59.402" >
    <step title="DeploymentService.GetLatestDeployment" date="2025-09-02T16:00:59.423" >
      <step title="DeploymentManager.GetResults" date="2025-09-02T16:00:59.472" /><!-- duration: 1446ms -->
    </step><!-- duration: 1544ms -->
  </step><!-- duration: 1569ms -->
  <step title="Outgoing response" date="2025-09-02T16:01:01.007" type="response" statusCode="202" statusText="Accepted" /><!-- duration: 11ms -->
</step><!-- duration: 1897ms -->
