<step title="Incoming Request" date="2025-09-03T00:59:18.409" instance="378edf" url="/api/deployments/latest?deployer=OneDeploy&amp;time=2025-09-03_00-58-23Z" method="GET" type="request" pid="772,1,38" Host="decipherworld-app.scm.azurewebsites.net" User-Agent="GITHUBACTIONS_DeployWebAppToAzure_e3e0cc90f51bd273b88d59801700c10a24014198b431abe6f1e4c8246061ffdf" Authorization="Bas..." Content-Type="application/json; charset=utf-8" Cookie="ARRAffinity=378edfce271436517950788fe4512f9ff5f554211c9bdccd63796f2a24a09e02;Path=/;HttpOnly;Secure;Domain=decipherworld-app.scm.azurewebsites.net; ARRAffinitySameSite=378edfce271436517950788fe4512f9ff5f554211c9bdccd63796f2a24a09e02;Path=/;HttpOnly;SameSite=None;Secure;Domain=decipherworld-app.scm.azurewebsites.net" Content-Length="0" X-ARR-LOG-ID="a60a259a-65a7-44a5-844f-9b78e8427594" CLIENT-IP="64.236.176.146:48129" X-SITE-DEPLOYMENT-ID="decipherworld-app" WAS-DEFAULT-HOSTNAME="decipherworld-app.scm.azurewebsites.net" X-Forwarded-Proto="https" X-AppService-Proto="https" X-Forwarded-TlsVersion="1.3" X-WAWS-Unencoded-URL="/api/deployments/latest?deployer=OneDeploy&amp;time=2025-09-03_00-58-23Z" X-Client-IP="64.236.176.146" X-Client-Port="48129" >
  <step title="Cleanup Xml Logs" date="2025-09-03T00:59:18.461" >
    <step title="Cleanup Infos" date="2025-09-03T00:59:18.680" totalFiles="464" totalCleanup="304" /><!-- duration: 33ms -->
  </step><!-- duration: 302ms -->
  <step title="DeploymentService.GetResult" date="2025-09-03T00:59:18.913" >
    <step title="DeploymentService.GetLatestDeployment" date="2025-09-03T00:59:18.925" >
      <step title="DeploymentManager.GetResults" date="2025-09-03T00:59:18.985" /><!-- duration: 1146ms -->
    </step><!-- duration: 1235ms -->
  </step><!-- duration: 1266ms -->
  <step title="Outgoing response" date="2025-09-03T00:59:20.200" type="response" statusCode="202" statusText="Accepted" /><!-- duration: 19ms -->
</step><!-- duration: 1820ms -->
