<step title="Incoming Request" date="2025-09-03T00:56:49.809" instance="378edf" url="/api/deployments/latest?deployer=OneDeploy&amp;time=2025-09-03_00-55-34Z" method="GET" type="request" pid="772,1,34" Host="decipherworld-app.scm.azurewebsites.net" User-Agent="GITHUBACTIONS_DeployWebAppToAzure_e3e0cc90f51bd273b88d59801700c10a24014198b431abe6f1e4c8246061ffdf" Authorization="Bas..." Content-Type="application/json; charset=utf-8" Cookie="ARRAffinity=378edfce271436517950788fe4512f9ff5f554211c9bdccd63796f2a24a09e02;Path=/;HttpOnly;Secure;Domain=decipherworld-app.scm.azurewebsites.net; ARRAffinitySameSite=378edfce271436517950788fe4512f9ff5f554211c9bdccd63796f2a24a09e02;Path=/;HttpOnly;SameSite=None;Secure;Domain=decipherworld-app.scm.azurewebsites.net" Content-Length="0" X-ARR-LOG-ID="6cbe1f6d-fc9d-453f-a7b2-88f32708a015" CLIENT-IP="64.236.160.196:35872" X-SITE-DEPLOYMENT-ID="decipherworld-app" WAS-DEFAULT-HOSTNAME="decipherworld-app.scm.azurewebsites.net" X-Forwarded-Proto="https" X-AppService-Proto="https" X-Forwarded-TlsVersion="1.3" X-WAWS-Unencoded-URL="/api/deployments/latest?deployer=OneDeploy&amp;time=2025-09-03_00-55-34Z" X-Client-IP="64.236.160.196" X-Client-Port="35872" >
  <step title="Cleanup Xml Logs" date="2025-09-03T00:56:49.839" >
    <step title="Cleanup Infos" date="2025-09-03T00:56:50.009" totalFiles="443" totalCleanup="283" /><!-- duration: 22ms -->
  </step><!-- duration: 239ms -->
  <step title="DeploymentService.GetResult" date="2025-09-03T00:56:50.151" >
    <step title="DeploymentService.GetLatestDeployment" date="2025-09-03T00:56:50.219" >
      <step title="DeploymentManager.GetResults" date="2025-09-03T00:56:50.249" /><!-- duration: 1198ms -->
    </step><!-- duration: 1259ms -->
  </step><!-- duration: 1396ms -->
  <step title="Outgoing response" date="2025-09-03T00:56:51.578" type="response" statusCode="202" statusText="Accepted" /><!-- duration: 38ms -->
</step><!-- duration: 1829ms -->
