<step title="Incoming Request" date="2025-09-03T01:08:05.238" instance="378edf" url="/api/deployments/latest?deployer=OneDeploy&amp;time=2025-09-03_01-08-04Z" method="GET" type="request" pid="772,1,43" Host="decipherworld-app.scm.azurewebsites.net" User-Agent="GITHUBACTIONS_DeployWebAppToAzure_e3e0cc90f51bd273b88d59801700c10a24014198b431abe6f1e4c8246061ffdf" Authorization="Bas..." Content-Type="application/json; charset=utf-8" Cookie="ARRAffinity=378edfce271436517950788fe4512f9ff5f554211c9bdccd63796f2a24a09e02;Path=/;HttpOnly;Secure;Domain=decipherworld-app.scm.azurewebsites.net; ARRAffinitySameSite=378edfce271436517950788fe4512f9ff5f554211c9bdccd63796f2a24a09e02;Path=/;HttpOnly;SameSite=None;Secure;Domain=decipherworld-app.scm.azurewebsites.net" Content-Length="0" X-ARR-LOG-ID="42c359e4-1b9d-4ad4-ab28-b4eceb7755bd" CLIENT-IP="20.161.71.48:27584" X-SITE-DEPLOYMENT-ID="decipherworld-app" WAS-DEFAULT-HOSTNAME="decipherworld-app.scm.azurewebsites.net" X-Forwarded-Proto="https" X-AppService-Proto="https" X-Forwarded-TlsVersion="1.3" X-WAWS-Unencoded-URL="/api/deployments/latest?deployer=OneDeploy&amp;time=2025-09-03_01-08-04Z" X-Client-IP="20.161.71.48" X-Client-Port="27584" >
  <step title="Cleanup Xml Logs" date="2025-09-03T01:08:05.242" >
    <step title="Cleanup Infos" date="2025-09-03T01:08:05.255" totalFiles="483" totalCleanup="323" /><!-- duration: 6ms -->
  </step><!-- duration: 22ms -->
  <step title="DeploymentService.GetResult" date="2025-09-03T01:08:05.272" >
    <step title="DeploymentService.GetLatestDeployment" date="2025-09-03T01:08:05.276" >
      <step title="DeploymentManager.GetResults" date="2025-09-03T01:08:05.280" /><!-- duration: 561ms -->
    </step><!-- duration: 570ms -->
  </step><!-- duration: 578ms -->
  <step title="Outgoing response" date="2025-09-03T01:08:05.856" type="response" statusCode="202" statusText="Accepted" /><!-- duration: 4ms -->
</step><!-- duration: 625ms -->
