<step title="Incoming Request" date="2025-09-03T00:01:35.391" instance="378edf" url="/api/deployments/latest?deployer=OneDeploy&amp;time=2025-09-03_00-01-12Z" method="GET" type="request" pid="772,1,56" Host="decipherworld-app.scm.azurewebsites.net" User-Agent="GITHUBACTIONS_DeployWebAppToAzure_e3e0cc90f51bd273b88d59801700c10a24014198b431abe6f1e4c8246061ffdf" Authorization="Bas..." Content-Type="application/json; charset=utf-8" Cookie="ARRAffinity=378edfce271436517950788fe4512f9ff5f554211c9bdccd63796f2a24a09e02;Path=/;HttpOnly;Secure;Domain=decipherworld-app.scm.azurewebsites.net; ARRAffinitySameSite=378edfce271436517950788fe4512f9ff5f554211c9bdccd63796f2a24a09e02;Path=/;HttpOnly;SameSite=None;Secure;Domain=decipherworld-app.scm.azurewebsites.net" Content-Length="0" X-ARR-LOG-ID="35585f5f-cbf1-4ec1-ba6b-325ea81cd22a" CLIENT-IP="172.182.195.224:46081" X-SITE-DEPLOYMENT-ID="decipherworld-app" WAS-DEFAULT-HOSTNAME="decipherworld-app.scm.azurewebsites.net" X-Forwarded-Proto="https" X-AppService-Proto="https" X-Forwarded-TlsVersion="1.3" X-WAWS-Unencoded-URL="/api/deployments/latest?deployer=OneDeploy&amp;time=2025-09-03_00-01-12Z" X-Client-IP="172.182.195.224" X-Client-Port="46081" >
  <step title="Cleanup Xml Logs" date="2025-09-03T00:01:35.431" >
    <step title="Cleanup Infos" date="2025-09-03T00:01:35.519" totalFiles="383" totalCleanup="223" /><!-- duration: 21ms -->
  </step><!-- duration: 119ms -->
  <step title="DeploymentService.GetResult" date="2025-09-03T00:01:35.579" >
    <step title="DeploymentService.GetLatestDeployment" date="2025-09-03T00:01:35.592" >
      <step title="DeploymentManager.GetResults" date="2025-09-03T00:01:35.611" /><!-- duration: 793ms -->
    </step><!-- duration: 833ms -->
  </step><!-- duration: 865ms -->
  <step title="Outgoing response" date="2025-09-03T00:01:36.465" type="response" statusCode="202" statusText="Accepted" /><!-- duration: 11ms -->
</step><!-- duration: 1094ms -->
