<step title="Incoming Request" date="2025-09-03T00:23:17.732" instance="378edf" url="/api/deployments/latest?deployer=OneDeploy&amp;time=2025-09-03_00-21-57Z" method="GET" type="request" pid="772,1,46" Host="decipherworld-app.scm.azurewebsites.net" User-Agent="GITHUBACTIONS_DeployWebAppToAzure_e3e0cc90f51bd273b88d59801700c10a24014198b431abe6f1e4c8246061ffdf" Authorization="Bas..." Content-Type="application/json; charset=utf-8" Cookie="ARRAffinity=378edfce271436517950788fe4512f9ff5f554211c9bdccd63796f2a24a09e02;Path=/;HttpOnly;Secure;Domain=decipherworld-app.scm.azurewebsites.net; ARRAffinitySameSite=378edfce271436517950788fe4512f9ff5f554211c9bdccd63796f2a24a09e02;Path=/;HttpOnly;SameSite=None;Secure;Domain=decipherworld-app.scm.azurewebsites.net" Content-Length="0" X-ARR-LOG-ID="0c866854-1695-462e-8035-492cf2c20717" CLIENT-IP="52.159.247.51:28696" X-SITE-DEPLOYMENT-ID="decipherworld-app" WAS-DEFAULT-HOSTNAME="decipherworld-app.scm.azurewebsites.net" X-Forwarded-Proto="https" X-AppService-Proto="https" X-Forwarded-TlsVersion="1.3" X-WAWS-Unencoded-URL="/api/deployments/latest?deployer=OneDeploy&amp;time=2025-09-03_00-21-57Z" X-Client-IP="52.159.247.51" X-Client-Port="28696" >
  <step title="Cleanup Xml Logs" date="2025-09-03T00:23:17.741" >
    <step title="Cleanup Infos" date="2025-09-03T00:23:17.782" totalFiles="412" totalCleanup="252" /><!-- duration: 38ms -->
  </step><!-- duration: 101ms -->
  <step title="DeploymentService.GetResult" date="2025-09-03T00:23:17.872" >
    <step title="DeploymentService.GetLatestDeployment" date="2025-09-03T00:23:17.882" >
      <step title="DeploymentManager.GetResults" date="2025-09-03T00:23:17.892" /><!-- duration: 592ms -->
    </step><!-- duration: 613ms -->
  </step><!-- duration: 643ms -->
  <step title="Outgoing response" date="2025-09-03T00:23:18.526" type="response" statusCode="202" statusText="Accepted" /><!-- duration: 19ms -->
</step><!-- duration: 824ms -->
