<step title="Incoming Request" date="2025-09-03T00:57:36.315" instance="378edf" url="/api/deployments/latest?deployer=OneDeploy&amp;time=2025-09-03_00-55-34Z" method="GET" type="request" pid="772,1,38" Host="decipherworld-app.scm.azurewebsites.net" User-Agent="GITHUBACTIONS_DeployWebAppToAzure_e3e0cc90f51bd273b88d59801700c10a24014198b431abe6f1e4c8246061ffdf" Authorization="Bas..." Content-Type="application/json; charset=utf-8" Cookie="ARRAffinity=378edfce271436517950788fe4512f9ff5f554211c9bdccd63796f2a24a09e02;Path=/;HttpOnly;Secure;Domain=decipherworld-app.scm.azurewebsites.net; ARRAffinitySameSite=378edfce271436517950788fe4512f9ff5f554211c9bdccd63796f2a24a09e02;Path=/;HttpOnly;SameSite=None;Secure;Domain=decipherworld-app.scm.azurewebsites.net" Content-Length="0" X-ARR-LOG-ID="1fdce8d0-9335-4a10-bd6f-64cd0794a56d" CLIENT-IP="64.236.160.196:35872" X-SITE-DEPLOYMENT-ID="decipherworld-app" WAS-DEFAULT-HOSTNAME="decipherworld-app.scm.azurewebsites.net" X-Forwarded-Proto="https" X-AppService-Proto="https" X-Forwarded-TlsVersion="1.3" X-WAWS-Unencoded-URL="/api/deployments/latest?deployer=OneDeploy&amp;time=2025-09-03_00-55-34Z" X-Client-IP="64.236.160.196" X-Client-Port="35872" >
  <step title="Cleanup Xml Logs" date="2025-09-03T00:57:36.335" >
    <step title="Cleanup Infos" date="2025-09-03T00:57:36.435" totalFiles="451" totalCleanup="291" /><!-- duration: 50ms -->
  </step><!-- duration: 211ms -->
  <step title="DeploymentService.GetResult" date="2025-09-03T00:57:36.656" >
    <step title="DeploymentService.GetLatestDeployment" date="2025-09-03T00:57:36.706" >
      <step title="DeploymentManager.GetResults" date="2025-09-03T00:57:36.747" /><!-- duration: 1258ms -->
    </step><!-- duration: 1338ms -->
  </step><!-- duration: 1400ms -->
  <step title="Outgoing response" date="2025-09-03T00:57:38.085" type="response" statusCode="202" statusText="Accepted" /><!-- duration: 10ms -->
</step><!-- duration: 1800ms -->
