<step title="Incoming Request" date="2025-09-03T00:22:31.370" instance="378edf" url="/api/deployments/latest?deployer=OneDeploy&amp;time=2025-09-03_00-21-57Z" method="GET" type="request" pid="772,1,49" Host="decipherworld-app.scm.azurewebsites.net" User-Agent="GITHUBACTIONS_DeployWebAppToAzure_e3e0cc90f51bd273b88d59801700c10a24014198b431abe6f1e4c8246061ffdf" Authorization="Bas..." Content-Type="application/json; charset=utf-8" Cookie="ARRAffinity=378edfce271436517950788fe4512f9ff5f554211c9bdccd63796f2a24a09e02;Path=/;HttpOnly;Secure;Domain=decipherworld-app.scm.azurewebsites.net; ARRAffinitySameSite=378edfce271436517950788fe4512f9ff5f554211c9bdccd63796f2a24a09e02;Path=/;HttpOnly;SameSite=None;Secure;Domain=decipherworld-app.scm.azurewebsites.net" Content-Length="0" X-ARR-LOG-ID="cb50d72b-7ffb-4ef6-88c2-571780e109c4" CLIENT-IP="52.159.247.51:28696" X-SITE-DEPLOYMENT-ID="decipherworld-app" WAS-DEFAULT-HOSTNAME="decipherworld-app.scm.azurewebsites.net" X-Forwarded-Proto="https" X-AppService-Proto="https" X-Forwarded-TlsVersion="1.3" X-WAWS-Unencoded-URL="/api/deployments/latest?deployer=OneDeploy&amp;time=2025-09-03_00-21-57Z" X-Client-IP="52.159.247.51" X-Client-Port="28696" >
  <step title="Cleanup Xml Logs" date="2025-09-03T00:22:31.381" >
    <step title="Cleanup Infos" date="2025-09-03T00:22:31.573" totalFiles="406" totalCleanup="246" /><!-- duration: 91ms -->
  </step><!-- duration: 341ms -->
  <step title="DeploymentService.GetResult" date="2025-09-03T00:22:31.865" >
    <step title="DeploymentService.GetLatestDeployment" date="2025-09-03T00:22:31.945" >
      <step title="DeploymentManager.GetResults" date="2025-09-03T00:22:32.015" /><!-- duration: 2310ms -->
    </step><!-- duration: 2474ms -->
  </step><!-- duration: 2624ms -->
  <step title="Outgoing response" date="2025-09-03T00:22:34.549" type="response" statusCode="202" statusText="Accepted" /><!-- duration: 30ms -->
</step><!-- duration: 3259ms -->
