<step title="BackgroundTrace" date="2025-09-02T14:09:29.147" instance="378edf" url="/api/publish" method="POST" >
  <step title="Cleanup Xml Logs" date="2025-09-02T14:09:29.164" /><!-- duration: 22ms -->
  <step title="Creating temporary deployment - FetchDeploymentManager" date="2025-09-02T14:09:29.580" /><!-- duration: 20ms -->
  <step title="Creating temporary deployment" date="2025-09-02T14:09:29.620" /><!-- duration: 212ms -->
  <step title="Performing fetch based deployment" date="2025-09-02T14:09:30.130" >
    <step title="Cleaning up temp folders from previous zip deployments and extracting pushed zip file /tmp/zipdeploy/7e6a5993-3374-4b4c-99ab-d0dda4ecadbd.zip (0.73 MB) to /tmp/zipdeploy/extracted" date="2025-09-02T14:09:31.523" >
      <step title="ChmodRecursive Process exited with total time taken in ms: 140" date="2025-09-02T14:09:32.198" /><!-- duration: 21ms -->
    </step><!-- duration: 734ms -->
    <step title="Deployment timer started" date="2025-09-02T14:09:34.310" >
      <step title="DeploymentManager.Deploy(id:c6e8f83c-c58a-419f-91ab-d832a87d8399)" date="2025-09-02T14:09:34.318" >
        <step title="Collecting changeset information" date="2025-09-02T14:09:34.426" /><!-- duration: 188ms -->
        <step title="Error occurred" date="2025-09-02T14:09:34.656" type="error" text="Deployment has been stopped due to SCM container restart. The restart can happen due to a management operation on site. Do not perform a management operation and a deployment operation in quick succession. Adding a small delay can help avoid any conflicts." /><!-- duration: 19ms -->
