<step title="Incoming Request" date="2025-09-03T01:00:03.858" instance="378edf" url="/api/deployments/latest?deployer=OneDeploy&amp;time=2025-09-03_00-58-23Z" method="GET" type="request" pid="772,1,32" Host="decipherworld-app.scm.azurewebsites.net" User-Agent="GITHUBACTIONS_DeployWebAppToAzure_e3e0cc90f51bd273b88d59801700c10a24014198b431abe6f1e4c8246061ffdf" Authorization="Bas..." Content-Type="application/json; charset=utf-8" Cookie="ARRAffinity=378edfce271436517950788fe4512f9ff5f554211c9bdccd63796f2a24a09e02;Path=/;HttpOnly;Secure;Domain=decipherworld-app.scm.azurewebsites.net; ARRAffinitySameSite=378edfce271436517950788fe4512f9ff5f554211c9bdccd63796f2a24a09e02;Path=/;HttpOnly;SameSite=None;Secure;Domain=decipherworld-app.scm.azurewebsites.net" Content-Length="0" X-ARR-LOG-ID="354540af-bbd3-47ba-9521-01363927f85a" CLIENT-IP="64.236.176.146:48130" X-SITE-DEPLOYMENT-ID="decipherworld-app" WAS-DEFAULT-HOSTNAME="decipherworld-app.scm.azurewebsites.net" X-Forwarded-Proto="https" X-AppService-Proto="https" X-Forwarded-TlsVersion="1.3" X-WAWS-Unencoded-URL="/api/deployments/latest?deployer=OneDeploy&amp;time=2025-09-03_00-58-23Z" X-Client-IP="64.236.176.146" X-Client-Port="48130" >
  <step title="Cleanup Xml Logs" date="2025-09-03T01:00:03.877" >
    <step title="Cleanup Infos" date="2025-09-03T01:00:04.099" totalFiles="470" totalCleanup="310" /><!-- duration: 60ms -->
  </step><!-- duration: 301ms -->
  <step title="DeploymentService.GetResult" date="2025-09-03T01:00:04.256" >
    <step title="DeploymentService.GetLatestDeployment" date="2025-09-03T01:00:04.297" >
      <step title="DeploymentManager.GetResults" date="2025-09-03T01:00:04.318" /><!-- duration: 1566ms -->
    </step><!-- duration: 1697ms -->
  </step><!-- duration: 1809ms -->
  <step title="Outgoing response" date="2025-09-03T01:00:06.104" type="response" statusCode="202" statusText="Accepted" /><!-- duration: 31ms -->
</step><!-- duration: 2347ms -->
