<step title="Incoming Request" date="2025-09-03T00:01:42.639" instance="378edf" url="/api/deployments/latest?deployer=OneDeploy&amp;time=2025-09-03_00-01-12Z" method="GET" type="request" pid="772,1,56" Host="decipherworld-app.scm.azurewebsites.net" User-Agent="GITHUBACTIONS_DeployWebAppToAzure_e3e0cc90f51bd273b88d59801700c10a24014198b431abe6f1e4c8246061ffdf" Authorization="Bas..." Content-Type="application/json; charset=utf-8" Cookie="ARRAffinity=378edfce271436517950788fe4512f9ff5f554211c9bdccd63796f2a24a09e02;Path=/;HttpOnly;Secure;Domain=decipherworld-app.scm.azurewebsites.net; ARRAffinitySameSite=378edfce271436517950788fe4512f9ff5f554211c9bdccd63796f2a24a09e02;Path=/;HttpOnly;SameSite=None;Secure;Domain=decipherworld-app.scm.azurewebsites.net" Content-Length="0" X-ARR-LOG-ID="7c8def8d-d899-47a0-a09d-af1481866076" CLIENT-IP="172.182.195.224:46080" X-SITE-DEPLOYMENT-ID="decipherworld-app" WAS-DEFAULT-HOSTNAME="decipherworld-app.scm.azurewebsites.net" X-Forwarded-Proto="https" X-AppService-Proto="https" X-Forwarded-TlsVersion="1.3" X-WAWS-Unencoded-URL="/api/deployments/latest?deployer=OneDeploy&amp;time=2025-09-03_00-01-12Z" X-Client-IP="172.182.195.224" X-Client-Port="46080" >
  <step title="Cleanup Xml Logs" date="2025-09-03T00:01:42.671" >
    <step title="Cleanup Infos" date="2025-09-03T00:01:42.820" totalFiles="384" totalCleanup="224" /><!-- duration: 41ms -->
  </step><!-- duration: 239ms -->
  <step title="DeploymentService.GetResult" date="2025-09-03T00:01:42.939" >
    <step title="DeploymentService.GetLatestDeployment" date="2025-09-03T00:01:42.971" >
      <step title="DeploymentManager.GetResults" date="2025-09-03T00:01:43.001" /><!-- duration: 1015ms -->
    </step><!-- duration: 1077ms -->
  </step><!-- duration: 1129ms -->
  <step title="Outgoing response" date="2025-09-03T00:01:44.099" type="response" statusCode="202" statusText="Accepted" /><!-- duration: 28ms -->
</step><!-- duration: 1499ms -->
