<step title="Incoming Request" date="2025-09-03T01:08:28.677" instance="378edf" url="/api/deployments/latest?deployer=OneDeploy&amp;time=2025-09-03_01-08-04Z" method="GET" type="request" pid="772,1,35" Host="decipherworld-app.scm.azurewebsites.net" User-Agent="GITHUBACTIONS_DeployWebAppToAzure_e3e0cc90f51bd273b88d59801700c10a24014198b431abe6f1e4c8246061ffdf" Authorization="Bas..." Content-Type="application/json; charset=utf-8" Cookie="ARRAffinity=378edfce271436517950788fe4512f9ff5f554211c9bdccd63796f2a24a09e02;Path=/;HttpOnly;Secure;Domain=decipherworld-app.scm.azurewebsites.net; ARRAffinitySameSite=378edfce271436517950788fe4512f9ff5f554211c9bdccd63796f2a24a09e02;Path=/;HttpOnly;SameSite=None;Secure;Domain=decipherworld-app.scm.azurewebsites.net" Content-Length="0" X-ARR-LOG-ID="2f8462bc-f169-4906-aaef-7ee2fc349769" CLIENT-IP="20.161.71.48:27585" X-SITE-DEPLOYMENT-ID="decipherworld-app" WAS-DEFAULT-HOSTNAME="decipherworld-app.scm.azurewebsites.net" X-Forwarded-Proto="https" X-AppService-Proto="https" X-Forwarded-TlsVersion="1.3" X-WAWS-Unencoded-URL="/api/deployments/latest?deployer=OneDeploy&amp;time=2025-09-03_01-08-04Z" X-Client-IP="20.161.71.48" X-Client-Port="27585" >
  <step title="Cleanup Xml Logs" date="2025-09-03T01:08:28.695" >
    <step title="Cleanup Infos" date="2025-09-03T01:08:28.786" totalFiles="487" totalCleanup="327" /><!-- duration: 22ms -->
  </step><!-- duration: 142ms -->
  <step title="DeploymentService.GetResult" date="2025-09-03T01:08:28.868" >
    <step title="DeploymentService.GetLatestDeployment" date="2025-09-03T01:08:28.878" >
      <step title="DeploymentManager.GetResults" date="2025-09-03T01:08:28.898" /><!-- duration: 1357ms -->
    </step><!-- duration: 1396ms -->
  </step><!-- duration: 1427ms -->
  <step title="Outgoing response" date="2025-09-03T01:08:30.326" type="response" statusCode="202" statusText="Accepted" /><!-- duration: 10ms -->
</step><!-- duration: 1670ms -->
