<step title="Incoming Request" date="2025-09-03T00:23:46.378" instance="378edf" url="/api/deployments/latest?deployer=OneDeploy&amp;time=2025-09-03_00-21-57Z" method="GET" type="request" pid="772,1,66" Host="decipherworld-app.scm.azurewebsites.net" User-Agent="GITHUBACTIONS_DeployWebAppToAzure_e3e0cc90f51bd273b88d59801700c10a24014198b431abe6f1e4c8246061ffdf" Authorization="Bas..." Content-Type="application/json; charset=utf-8" Cookie="ARRAffinity=378edfce271436517950788fe4512f9ff5f554211c9bdccd63796f2a24a09e02;Path=/;HttpOnly;Secure;Domain=decipherworld-app.scm.azurewebsites.net; ARRAffinitySameSite=378edfce271436517950788fe4512f9ff5f554211c9bdccd63796f2a24a09e02;Path=/;HttpOnly;SameSite=None;Secure;Domain=decipherworld-app.scm.azurewebsites.net" Content-Length="0" X-ARR-LOG-ID="18112d0e-771b-45db-9f6e-0e68a6f4710f" CLIENT-IP="52.159.247.51:28696" X-SITE-DEPLOYMENT-ID="decipherworld-app" WAS-DEFAULT-HOSTNAME="decipherworld-app.scm.azurewebsites.net" X-Forwarded-Proto="https" X-AppService-Proto="https" X-Forwarded-TlsVersion="1.3" X-WAWS-Unencoded-URL="/api/deployments/latest?deployer=OneDeploy&amp;time=2025-09-03_00-21-57Z" X-Client-IP="52.159.247.51" X-Client-Port="28696" >
  <step title="Cleanup Xml Logs" date="2025-09-03T00:23:46.398" >
    <step title="Cleanup Infos" date="2025-09-03T00:23:46.442" totalFiles="416" totalCleanup="256" /><!-- duration: 30ms -->
  </step><!-- duration: 91ms -->
  <step title="DeploymentService.GetResult" date="2025-09-03T00:23:46.511" >
    <step title="DeploymentService.GetLatestDeployment" date="2025-09-03T00:23:46.521" >
      <step title="DeploymentManager.GetResults" date="2025-09-03T00:23:46.531" /><!-- duration: 713ms -->
    </step><!-- duration: 742ms -->
  </step><!-- duration: 763ms -->
  <step title="Outgoing response" date="2025-09-03T00:23:47.286" type="response" statusCode="202" statusText="Accepted" /><!-- duration: 10ms -->
</step><!-- duration: 929ms -->
