<step title="Incoming Request" date="2025-09-03T00:23:02.853" instance="378edf" url="/api/deployments/latest?deployer=OneDeploy&amp;time=2025-09-03_00-21-57Z" method="GET" type="request" pid="772,1,45" Host="decipherworld-app.scm.azurewebsites.net" User-Agent="GITHUBACTIONS_DeployWebAppToAzure_e3e0cc90f51bd273b88d59801700c10a24014198b431abe6f1e4c8246061ffdf" Authorization="Bas..." Content-Type="application/json; charset=utf-8" Cookie="ARRAffinity=378edfce271436517950788fe4512f9ff5f554211c9bdccd63796f2a24a09e02;Path=/;HttpOnly;Secure;Domain=decipherworld-app.scm.azurewebsites.net; ARRAffinitySameSite=378edfce271436517950788fe4512f9ff5f554211c9bdccd63796f2a24a09e02;Path=/;HttpOnly;SameSite=None;Secure;Domain=decipherworld-app.scm.azurewebsites.net" Content-Length="0" X-ARR-LOG-ID="fec7e5a4-0cfd-4957-bfc8-9871ba0bc322" CLIENT-IP="52.159.247.51:28696" X-SITE-DEPLOYMENT-ID="decipherworld-app" WAS-DEFAULT-HOSTNAME="decipherworld-app.scm.azurewebsites.net" X-Forwarded-Proto="https" X-AppService-Proto="https" X-Forwarded-TlsVersion="1.3" X-WAWS-Unencoded-URL="/api/deployments/latest?deployer=OneDeploy&amp;time=2025-09-03_00-21-57Z" X-Client-IP="52.159.247.51" X-Client-Port="28696" >
  <step title="Cleanup Xml Logs" date="2025-09-03T00:23:02.874" >
    <step title="Cleanup Infos" date="2025-09-03T00:23:02.954" totalFiles="410" totalCleanup="250" /><!-- duration: 39ms -->
  </step><!-- duration: 141ms -->
  <step title="DeploymentService.GetResult" date="2025-09-03T00:23:03.066" >
    <step title="DeploymentService.GetLatestDeployment" date="2025-09-03T00:23:03.084" >
      <step title="DeploymentManager.GetResults" date="2025-09-03T00:23:03.095" /><!-- duration: 844ms -->
    </step><!-- duration: 895ms -->
  </step><!-- duration: 925ms -->
  <step title="Outgoing response" date="2025-09-03T00:23:04.009" type="response" statusCode="202" statusText="Accepted" /><!-- duration: 11ms -->
</step><!-- duration: 1178ms -->
