<step title="Incoming Request" date="2025-09-03T00:23:39.210" instance="378edf" url="/api/deployments/latest?deployer=OneDeploy&amp;time=2025-09-03_00-21-57Z" method="GET" type="request" pid="772,1,66" Host="decipherworld-app.scm.azurewebsites.net" User-Agent="GITHUBACTIONS_DeployWebAppToAzure_e3e0cc90f51bd273b88d59801700c10a24014198b431abe6f1e4c8246061ffdf" Authorization="Bas..." Content-Type="application/json; charset=utf-8" Cookie="ARRAffinity=378edfce271436517950788fe4512f9ff5f554211c9bdccd63796f2a24a09e02;Path=/;HttpOnly;Secure;Domain=decipherworld-app.scm.azurewebsites.net; ARRAffinitySameSite=378edfce271436517950788fe4512f9ff5f554211c9bdccd63796f2a24a09e02;Path=/;HttpOnly;SameSite=None;Secure;Domain=decipherworld-app.scm.azurewebsites.net" Content-Length="0" X-ARR-LOG-ID="7aaee165-aaeb-4191-8297-0f01b41b5694" CLIENT-IP="52.159.247.51:28698" X-SITE-DEPLOYMENT-ID="decipherworld-app" WAS-DEFAULT-HOSTNAME="decipherworld-app.scm.azurewebsites.net" X-Forwarded-Proto="https" X-AppService-Proto="https" X-Forwarded-TlsVersion="1.3" X-WAWS-Unencoded-URL="/api/deployments/latest?deployer=OneDeploy&amp;time=2025-09-03_00-21-57Z" X-Client-IP="52.159.247.51" X-Client-Port="28698" >
  <step title="Cleanup Xml Logs" date="2025-09-03T00:23:39.221" >
    <step title="Cleanup Infos" date="2025-09-03T00:23:39.278" totalFiles="415" totalCleanup="255" /><!-- duration: 22ms -->
  </step><!-- duration: 89ms -->
  <step title="DeploymentService.GetResult" date="2025-09-03T00:23:39.331" >
    <step title="DeploymentService.GetLatestDeployment" date="2025-09-03T00:23:39.351" >
      <step title="DeploymentManager.GetResults" date="2025-09-03T00:23:39.361" /><!-- duration: 894ms -->
    </step><!-- duration: 926ms -->
  </step><!-- duration: 956ms -->
  <step title="Outgoing response" date="2025-09-03T00:23:40.317" type="response" statusCode="202" statusText="Accepted" /><!-- duration: 19ms -->
</step><!-- duration: 1137ms -->
