<step title="Incoming Request" date="2025-09-02T14:52:48.905" instance="378edf" url="/api/deployments/latest?deployer=OneDeploy&amp;time=2025-09-02_14-52-41Z" method="GET" type="request" pid="772,1,18" Host="decipherworld-app.scm.azurewebsites.net" User-Agent="GITHUBACTIONS_DeployWebAppToAzure_e3e0cc90f51bd273b88d59801700c10a24014198b431abe6f1e4c8246061ffdf" Authorization="Bas..." Content-Type="application/json; charset=utf-8" Cookie="ARRAffinity=378edfce271436517950788fe4512f9ff5f554211c9bdccd63796f2a24a09e02;Path=/;HttpOnly;Secure;Domain=decipherworld-app.scm.azurewebsites.net; ARRAffinitySameSite=378edfce271436517950788fe4512f9ff5f554211c9bdccd63796f2a24a09e02;Path=/;HttpOnly;SameSite=None;Secure;Domain=decipherworld-app.scm.azurewebsites.net" Content-Length="0" X-ARR-LOG-ID="3c464821-8183-40ff-a379-12ff4d22cf7b" CLIENT-IP="172.184.191.165:14337" X-SITE-DEPLOYMENT-ID="decipherworld-app" WAS-DEFAULT-HOSTNAME="decipherworld-app.scm.azurewebsites.net" X-Forwarded-Proto="https" X-AppService-Proto="https" X-Forwarded-TlsVersion="1.3" X-WAWS-Unencoded-URL="/api/deployments/latest?deployer=OneDeploy&amp;time=2025-09-02_14-52-41Z" X-Client-IP="172.184.191.165" X-Client-Port="14337" >
  <step title="Cleanup Xml Logs" date="2025-09-02T14:52:48.908" >
    <step title="Cleanup Infos" date="2025-09-02T14:52:48.958" totalFiles="338" totalCleanup="178" /><!-- duration: 18ms -->
  </step><!-- duration: 78ms -->
  <step title="DeploymentService.GetResult" date="2025-09-02T14:52:49.017" >
    <step title="DeploymentService.GetLatestDeployment" date="2025-09-02T14:52:49.026" >
      <step title="DeploymentManager.GetResults" date="2025-09-02T14:52:49.037" /><!-- duration: 501ms -->
    </step><!-- duration: 555ms -->
  </step><!-- duration: 584ms -->
  <step title="Outgoing response" date="2025-09-02T14:52:49.620" type="response" statusCode="202" statusText="Accepted" /><!-- duration: 21ms -->
</step><!-- duration: 756ms -->
