<step title="Incoming Request" date="2025-09-02T16:01:56.020" instance="378edf" url="/api/deployments/latest?deployer=OneDeploy&amp;time=2025-09-02_16-00-52Z" method="GET" type="request" pid="772,1,66" Host="decipherworld-app.scm.azurewebsites.net" User-Agent="GITHUBACTIONS_DeployWebAppToAzure_e3e0cc90f51bd273b88d59801700c10a24014198b431abe6f1e4c8246061ffdf" Authorization="Bas..." Content-Type="application/json; charset=utf-8" Cookie="ARRAffinity=378edfce271436517950788fe4512f9ff5f554211c9bdccd63796f2a24a09e02;Path=/;HttpOnly;Secure;Domain=decipherworld-app.scm.azurewebsites.net; ARRAffinitySameSite=378edfce271436517950788fe4512f9ff5f554211c9bdccd63796f2a24a09e02;Path=/;HttpOnly;SameSite=None;Secure;Domain=decipherworld-app.scm.azurewebsites.net" Content-Length="0" X-ARR-LOG-ID="820f5102-d39f-44e7-a621-7c2d41bbb336" CLIENT-IP="172.208.127.250:13377" X-SITE-DEPLOYMENT-ID="decipherworld-app" WAS-DEFAULT-HOSTNAME="decipherworld-app.scm.azurewebsites.net" X-Forwarded-Proto="https" X-AppService-Proto="https" X-Forwarded-TlsVersion="1.3" X-WAWS-Unencoded-URL="/api/deployments/latest?deployer=OneDeploy&amp;time=2025-09-02_16-00-52Z" X-Client-IP="172.208.127.250" X-Client-Port="13377" >
  <step title="Cleanup Xml Logs" date="2025-09-02T16:01:56.047" >
    <step title="Cleanup Infos" date="2025-09-02T16:01:56.089" totalFiles="366" totalCleanup="206" /><!-- duration: 18ms -->
  </step><!-- duration: 71ms -->
  <step title="DeploymentService.GetResult" date="2025-09-02T16:01:56.157" >
    <step title="DeploymentService.GetLatestDeployment" date="2025-09-02T16:01:56.169" >
      <step title="DeploymentManager.GetResults" date="2025-09-02T16:01:56.191" /><!-- duration: 516ms -->
    </step><!-- duration: 542ms -->
  </step><!-- duration: 559ms -->
  <step title="Outgoing response" date="2025-09-02T16:01:56.743" type="response" statusCode="202" statusText="Accepted" /><!-- duration: 17ms -->
</step><!-- duration: 750ms -->
