<step title="Incoming Request" date="2025-09-03T00:03:04.568" instance="378edf" url="/api/deployments/latest?deployer=OneDeploy&amp;time=2025-09-03_00-01-12Z" method="GET" type="request" pid="772,1,56" Host="decipherworld-app.scm.azurewebsites.net" User-Agent="GITHUBACTIONS_DeployWebAppToAzure_e3e0cc90f51bd273b88d59801700c10a24014198b431abe6f1e4c8246061ffdf" Authorization="Bas..." Content-Type="application/json; charset=utf-8" Cookie="ARRAffinity=378edfce271436517950788fe4512f9ff5f554211c9bdccd63796f2a24a09e02;Path=/;HttpOnly;Secure;Domain=decipherworld-app.scm.azurewebsites.net; ARRAffinitySameSite=378edfce271436517950788fe4512f9ff5f554211c9bdccd63796f2a24a09e02;Path=/;HttpOnly;SameSite=None;Secure;Domain=decipherworld-app.scm.azurewebsites.net" Content-Length="0" X-ARR-LOG-ID="935d69f6-c9aa-4f1b-a1e9-b820a0352d14" CLIENT-IP="172.182.195.224:46082" X-SITE-DEPLOYMENT-ID="decipherworld-app" WAS-DEFAULT-HOSTNAME="decipherworld-app.scm.azurewebsites.net" X-Forwarded-Proto="https" X-AppService-Proto="https" X-Forwarded-TlsVersion="1.3" X-WAWS-Unencoded-URL="/api/deployments/latest?deployer=OneDeploy&amp;time=2025-09-03_00-01-12Z" X-Client-IP="172.182.195.224" X-Client-Port="46082" >
  <step title="Cleanup Xml Logs" date="2025-09-03T00:03:04.572" >
    <step title="Cleanup Infos" date="2025-09-03T00:03:04.652" totalFiles="395" totalCleanup="235" /><!-- duration: 59ms -->
  </step><!-- duration: 151ms -->
  <step title="DeploymentService.GetResult" date="2025-09-03T00:03:04.763" >
    <step title="DeploymentService.GetLatestDeployment" date="2025-09-03T00:03:04.780" >
      <step title="DeploymentManager.GetResults" date="2025-09-03T00:03:04.790" /><!-- duration: 754ms -->
    </step><!-- duration: 797ms -->
  </step><!-- duration: 844ms -->
  <step title="Outgoing response" date="2025-09-03T00:03:05.634" type="response" statusCode="202" statusText="Accepted" /><!-- duration: 11ms -->
</step><!-- duration: 1088ms -->
