<step title="Incoming Request" date="2025-09-02T16:01:49.213" instance="378edf" url="/api/deployments/latest?deployer=OneDeploy&amp;time=2025-09-02_16-00-52Z" method="GET" type="request" pid="772,1,66" Host="decipherworld-app.scm.azurewebsites.net" User-Agent="GITHUBACTIONS_DeployWebAppToAzure_e3e0cc90f51bd273b88d59801700c10a24014198b431abe6f1e4c8246061ffdf" Authorization="Bas..." Content-Type="application/json; charset=utf-8" Cookie="ARRAffinity=378edfce271436517950788fe4512f9ff5f554211c9bdccd63796f2a24a09e02;Path=/;HttpOnly;Secure;Domain=decipherworld-app.scm.azurewebsites.net; ARRAffinitySameSite=378edfce271436517950788fe4512f9ff5f554211c9bdccd63796f2a24a09e02;Path=/;HttpOnly;SameSite=None;Secure;Domain=decipherworld-app.scm.azurewebsites.net" Content-Length="0" X-ARR-LOG-ID="415d48b3-a34c-4e0e-bf12-3861cf538b70" CLIENT-IP="172.208.127.250:13376" X-SITE-DEPLOYMENT-ID="decipherworld-app" WAS-DEFAULT-HOSTNAME="decipherworld-app.scm.azurewebsites.net" X-Forwarded-Proto="https" X-AppService-Proto="https" X-Forwarded-TlsVersion="1.3" X-WAWS-Unencoded-URL="/api/deployments/latest?deployer=OneDeploy&amp;time=2025-09-02_16-00-52Z" X-Client-IP="172.208.127.250" X-Client-Port="13376" >
  <step title="Cleanup Xml Logs" date="2025-09-02T16:01:49.254" >
    <step title="Cleanup Infos" date="2025-09-02T16:01:49.334" totalFiles="365" totalCleanup="205" /><!-- duration: 20ms -->
  </step><!-- duration: 128ms -->
  <step title="DeploymentService.GetResult" date="2025-09-02T16:01:49.425" >
    <step title="DeploymentService.GetLatestDeployment" date="2025-09-02T16:01:49.444" >
      <step title="DeploymentManager.GetResults" date="2025-09-02T16:01:49.464" /><!-- duration: 622ms -->
    </step><!-- duration: 654ms -->
  </step><!-- duration: 693ms -->
  <step title="Outgoing response" date="2025-09-02T16:01:50.139" type="response" statusCode="202" statusText="Accepted" /><!-- duration: 17ms -->
</step><!-- duration: 953ms -->
