<step title="Incoming Request" date="2025-09-02T14:53:29.588" instance="378edf" url="/api/deployments/latest?deployer=OneDeploy&amp;time=2025-09-02_14-52-41Z" method="GET" type="request" pid="772,1,18" Host="decipherworld-app.scm.azurewebsites.net" User-Agent="GITHUBACTIONS_DeployWebAppToAzure_e3e0cc90f51bd273b88d59801700c10a24014198b431abe6f1e4c8246061ffdf" Authorization="Bas..." Content-Type="application/json; charset=utf-8" Cookie="ARRAffinity=378edfce271436517950788fe4512f9ff5f554211c9bdccd63796f2a24a09e02;Path=/;HttpOnly;Secure;Domain=decipherworld-app.scm.azurewebsites.net; ARRAffinitySameSite=378edfce271436517950788fe4512f9ff5f554211c9bdccd63796f2a24a09e02;Path=/;HttpOnly;SameSite=None;Secure;Domain=decipherworld-app.scm.azurewebsites.net" Content-Length="0" X-ARR-LOG-ID="6e066e01-fc73-4ba0-9c5f-69cbe0ec154b" CLIENT-IP="172.184.191.165:14337" X-SITE-DEPLOYMENT-ID="decipherworld-app" WAS-DEFAULT-HOSTNAME="decipherworld-app.scm.azurewebsites.net" X-Forwarded-Proto="https" X-AppService-Proto="https" X-Forwarded-TlsVersion="1.3" X-WAWS-Unencoded-URL="/api/deployments/latest?deployer=OneDeploy&amp;time=2025-09-02_14-52-41Z" X-Client-IP="172.184.191.165" X-Client-Port="14337" >
  <step title="Cleanup Xml Logs" date="2025-09-02T14:53:29.607" >
    <step title="Cleanup Infos" date="2025-09-02T14:53:29.658" totalFiles="344" totalCleanup="184" /><!-- duration: 30ms -->
  </step><!-- duration: 110ms -->
  <step title="DeploymentService.GetResult" date="2025-09-02T14:53:29.738" >
    <step title="DeploymentService.GetLatestDeployment" date="2025-09-02T14:53:29.749" >
      <step title="DeploymentManager.GetResults" date="2025-09-02T14:53:29.778" /><!-- duration: 525ms -->
    </step><!-- duration: 582ms -->
  </step><!-- duration: 613ms -->
  <step title="Outgoing response" date="2025-09-02T14:53:30.372" type="response" statusCode="202" statusText="Accepted" /><!-- duration: 20ms -->
</step><!-- duration: 824ms -->
