<step title="Incoming Request" date="2025-09-03T00:22:48.480" instance="378edf" url="/api/deployments/latest?deployer=OneDeploy&amp;time=2025-09-03_00-21-57Z" method="GET" type="request" pid="772,1,46" Host="decipherworld-app.scm.azurewebsites.net" User-Agent="GITHUBACTIONS_DeployWebAppToAzure_e3e0cc90f51bd273b88d59801700c10a24014198b431abe6f1e4c8246061ffdf" Authorization="Bas..." Content-Type="application/json; charset=utf-8" Cookie="ARRAffinity=378edfce271436517950788fe4512f9ff5f554211c9bdccd63796f2a24a09e02;Path=/;HttpOnly;Secure;Domain=decipherworld-app.scm.azurewebsites.net; ARRAffinitySameSite=378edfce271436517950788fe4512f9ff5f554211c9bdccd63796f2a24a09e02;Path=/;HttpOnly;SameSite=None;Secure;Domain=decipherworld-app.scm.azurewebsites.net" Content-Length="0" X-ARR-LOG-ID="e5557982-8929-4698-92fd-a1b12864a1fd" CLIENT-IP="52.159.247.51:28696" X-SITE-DEPLOYMENT-ID="decipherworld-app" WAS-DEFAULT-HOSTNAME="decipherworld-app.scm.azurewebsites.net" X-Forwarded-Proto="https" X-AppService-Proto="https" X-Forwarded-TlsVersion="1.3" X-WAWS-Unencoded-URL="/api/deployments/latest?deployer=OneDeploy&amp;time=2025-09-03_00-21-57Z" X-Client-IP="52.159.247.51" X-Client-Port="28696" >
  <step title="Cleanup Xml Logs" date="2025-09-03T00:22:48.499" >
    <step title="Cleanup Infos" date="2025-09-03T00:22:48.580" totalFiles="408" totalCleanup="248" /><!-- duration: 19ms -->
  </step><!-- duration: 112ms -->
  <step title="DeploymentService.GetResult" date="2025-09-03T00:22:48.641" >
    <step title="DeploymentService.GetLatestDeployment" date="2025-09-03T00:22:48.669" >
      <step title="DeploymentManager.GetResults" date="2025-09-03T00:22:48.680" /><!-- duration: 793ms -->
    </step><!-- duration: 816ms -->
  </step><!-- duration: 872ms -->
  <step title="Outgoing response" date="2025-09-03T00:22:49.524" type="response" statusCode="202" statusText="Accepted" /><!-- duration: 29ms -->
</step><!-- duration: 1083ms -->
