﻿<?xml version="1.0" encoding="utf-8"?>
<deployment>
  <id>04cea080-6cd8-4614-a471-b96464082533</id>
  <author>N/A</author>
  <deployer>OneDeploy</deployer>
  <authorEmail>N/A</authorEmail>
  <message>OneDeploy</message>
  <progress></progress>
  <status>Success</status>
  <statusText></statusText>
  <lastSuccessEndTime>2025-09-07T17:58:43.5216675Z</lastSuccessEndTime>
  <receivedTime>2025-09-07T17:56:36.4311273Z</receivedTime>
  <startTime>2025-09-07T17:56:37.8654169Z</startTime>
  <endTime>2025-09-07T17:58:43.5216675Z</endTime>
  <complete>True</complete>
  <is_temp>False</is_temp>
  <is_readonly>True</is_readonly>
  <buildSummary />
</deployment>