﻿<?xml version="1.0" encoding="utf-8"?>
<deployment>
  <id>bc67ef00-d6ce-4655-a15b-dfe31f12f55c</id>
  <author>N/A</author>
  <deployer>OneDeploy</deployer>
  <authorEmail>N/A</authorEmail>
  <message>OneDeploy</message>
  <progress></progress>
  <status>Success</status>
  <statusText></statusText>
  <lastSuccessEndTime>2025-09-07T18:28:53.3718199Z</lastSuccessEndTime>
  <receivedTime>2025-09-07T18:26:38.9299022Z</receivedTime>
  <startTime>2025-09-07T18:26:40.3317806Z</startTime>
  <endTime>2025-09-07T18:28:53.3718199Z</endTime>
  <complete>True</complete>
  <is_temp>False</is_temp>
  <is_readonly>True</is_readonly>
  <buildSummary />
</deployment>